YDR143C, 10,14,16,34
YER068W, 01,11,34,41
YMR207C, 01
YNR016C, 01,14,20,42
YGR192C, 01,02
YKL060C, 01,02
YLL039C, 12,14,16,32,43
YOR042W, 43
YDR099W, 02,10,16,30,40,43
YLR138W, 20,34
YDR425W, 14,20
YGL093W, 42
YBR059C, 01,14,20,42
YCL032W, 18,30,32,34,40,42,43
YEL036C, 01,14
YGR056W, 10
YOR319W, 11,16
YLR448W, 12,16
YNL096C, 12
YIL135C, 10
YMR139W, 01,10,11,14,18,32,43
YHR135C, 01,10,14,20,32,34,40,43
YNL199C, 01,02,11
YJL092W, 10
YOR281C, 11,18,34
YGL173C, 01,10,11,43
YKL139W, 01,11,14
YER125W, 10,14,16,32,43
YBR283C, 14,20
YLL013C, 01,11,16
YGR059W, 34,40,41,42,43
YHR027C, 14,30
YEL002C, 01,10,14
YKL008C, 01,40
YGL043W, 10,11
YNL306W, 12,42
YOR158W, 12,42
YJL019W, 10,41,42
YOL104C, 10,16
YML010W, 10,11
YNL248C, 11,16
YDL014W, 11,12
YJL010C, 11,16
YDL226C, 10,16,18,20
YPR183W, 01,14
YLR321C, 10,11,16,42
YDL055C, 01,14,42
YGL195W, 12
YNL175C, 11,16
YPL198W, 12
YHL047C, 01,20,32,34
YHR079C, 01,11,14,30,32
YHR211W, 11,16,34
YNL255C, 11,12,30
YDR212W, 14,16,32,42
YLL019C, 01,14,30
YDR320C-A, 10,16
YPR046W, 10,16
YMR240C, 11,14,16
YOR308C, 11
YBR119W, 11,16
YER165W, 11,12,16,20
YGL103W, 12,16
YKL172W, 11
YBR245C, 01,10,11,16
YPR110C, 11,16
YJL125C, 11,12,14
YNL062C, 11,12
YHR032W, 20,32
YMR080C, 01,10,11,12,16
YDL060W, 11,12,16
YNL207W, 01,11,14,20
YHR203C, 12
YNL132W, 30
YHR037W, 01
YPL240C, 01,02,10,14,16,32,34,43
YDR477W, 01,14,16,18,30,32,34,40,43
YOR027W, 14,16,18,32,40
YBR009C, 10,11,16
YNR023W, 10,11
YIL031W, 10,14
YNL166C, 10
YOR244W, 10,11,14,42
YCR021C, 32,34
YJL151C, 20
YGL122C, 11,16,20
YML081W, 11
YDR150W, 10,16,42
YPR155C, 02,11,42
YAL019W, 42
YBL003C, 10,11,16
YCR038C, 18,30,43
YPR122W, 14,16,41,43
YCR031C, 12,16
YLR340W, 12
YLR113W, 01,11,14,30,32,34
YJL177W, 12
YJR041C, 12
YMR004W, 14,20
YPL031C, 01,02,10,11,14
YLL018C, 12
YDR409W, 14
YNL262W, 10,32
YLR132C, 02,11
YGR033C, 14,18,20,42
YNR017W, 14,20
YDR224C, 10,11,16
YJL011C, 11,16
YDR164C, 16,20
YLR166C, 10,16,20,43
YAL032C, 11
YER029C, 11
YCL035C, 20,32
YMR059W, 11
YBR128C, 14
YGR241C, 14,16,20
YBR122C, 12,42
YLR425W, 18,30,42
YMR001C, 01,10,14
YBL072C, 12
YOR078W, 11,16
YER148W, 11,16
YLR291C, 12
YML099C, 01,11,18,20
YDL130W, 12
YKL122C, 14,16,20
YPL210C, 14,16,20
YJL048C, 14
YBR198C, 10,11,14,42
YMR012W, 12,42
YLR018C, 20
YPL075W, 01,02,11,16
YGL120C, 11,16
YGR220C, 12,42
YLR075W, 10,12,14
YJR138W, 10,42
YER103W, 14,16,20,32
YGR128C, 11,16
YOR073W, 10
YAL005C, 01,14,16,20,32
YMR123W, 20
YMR291W, 01,14
YNL154C, 01,10,14,20,32,34,40,43
YAR007C, 10,16,32,34
YCR066W, 10,14,16
YLR245C, 01
YPL070W, 11
YDL126C, 01,10,14,16,20,40
YER012W, 14,32,43
YBL023C, 10,16
YNL182C, 11,12
YBL016W, 01,10,14,16,18,30,34
YER082C, 11,16
YGL190C, 01,10,12,14,32,40,42,43
YLR293C, 11,20,42
YMR235C, 11,12,14,18,20
YBR010W, 10,11,16
YPL047W, 11
YPL115C, 18,30,34,40,42,43
YPL161C, 01,30,34,40,42,43
YDR259C, 11
YER093C, 01,16
YKR024C, 11,12,16
YNL061W, 11
YGR140W, 10,16
YOR156C, 10,14,40,42,43
YER105C, 14,16,20,42
YOL086C, 01,02
YOR299W, 01,43
YBL027W, 12
YDR412W, 11
YHR085W, 11
YNR053C, 12
YDR320C, 20,42
YJR135C, 10,16
YMR121C, 12,16
YPR143W, 11,12
YGR162W, 12
YNL031C, 10,11,16
YJL124C, 01,11,16
YMR179W, 11
YBR105C, 02,14,20
YDL181W, 02,18,20
YNL250W, 01,10,16,32,42
YNL261W, 01,10,11,16,34
YMR271C, 01
YEL039C, 02,20,32
YJL164C, 01,11,14,16,30,43
YAL017W, 01,14
YOL045W, 01,14
YDR510W, 14,16
YGL001C, 01
YNL280C, 01,16
YFR027W, 10
YOL094C, 10,16,18
YGR252W, 10,11,14,42
YOR290C, 01,10,11,34
YCR072C, 11,12,14,20
YPR016C, 11,12
YMR231W, 14,20,42
YNL030W, 10,11,16
YNL308C, 12
YNR051C, 14
YOR184W, 01
YDR145W, 10,11,14,42
YGL158W, 01,10,14
YMR047C, 11,14,16,20,42
YOR160W, 14,20
YKL126W, 01,14,20
YNR047W, 01,14,34
YCL008C, 14,16,20
YMR077C, 20
YGR281W, 16,20,32
YHR114W, 32,34,42
YBR034C, 14,20
YNL004W, 11,16,20
YJR112W, 10
YMR198W, 10,20
YGR034W, 12,16
YBR160W, 01,10,14,40,43
YLR455W, 16
YGL200C, 20,42
YPR181C, 14,18,20
YDR383C, 10
YIR010W, 10
YOL010W, 11
YKL054C, 14,32
YDR392W, 10,11,14,18,34,41,42,43
YOL148C, 10,11,14,18,42
YOL080C, 01,10,11,12
YOR310C, 11
YFR034C, 01,11,16,32
YIL052C, 12
YNL236W, 01,11,34,43
YKR002W, 11
YOR001W, 11
YJR009C, 01,02
YMR186W, 14,16,32
YMR227C, 10,11
YBR221C, 02
YML059C, 01,14
YOL133W, 10,11,14,16
YGL135W, 12
YMR290C, 10,11
YJL052W, 01,02
YOL013C, 14,16
YFR004W, 14
YFR052W, 10,14,32
YDR129C, 16,20,32,42,43
YFL002C, 11,12,16
YDL208W, 11,16
YIL118W, 20,30,40,42,43
YKL130C, 11,16,20,34
YBR191W, 12
YFR031C-A, 12
YDR356W, 10,42
YPL255W, 10,42,43
YLR303W, 01
YMR165C, 02,40,42
YOR233W, 01,14
YJL130C, 01
YPL190C, 11,16,20
YNL186W, 11,14
YOR051C, 16
YHL030W, 14,16,42
YLL026W, 01,14,16,32
YHL034C, 11,16
YIL035C, 01,10,11,14,32,34,40,42,43
YGL091C, 01,16
YIL129C, 11,40,43
YOR210W, 11,16
YCR077C, 10,11,12
YOR369C, 12
YIL133C, 12,16
YLR150W, 01,16,30,32,40,42
YDR432W, 11,14,16,20
YPL213W, 11,14
YDL117W, 10
YKR009C, 01,02,42
YDR167W, 10,11,14,42
YBR048W, 12
YBR060C, 10,11,34
YPL008W, 10
YBR111W-A, 10,11,20
YGR178C, 11
YLR350W, 32
YNL190W, 32
YER008C, 10,16,20,43
YOL005C, 11,16
YML100W, 01,02,18,32
YHR099W, 10,11,14,42
YOL051W, 01,11,34,43
YER133W, 01,02,10,11,12,14,32,34,40,43
YLR002C, 10,11,14,16
YBR118W, 12
YCL037C, 11,12,16,34
YER018C, 10,42
YPR083W, 42
YMR314W, 14
YOR259C, 01,11,14,16
YHR082C, 01,14
YDR515W, 12,16,34
YPL079W, 12
YDL193W, 01
YER006W, 11,12,20
YOR236W, 01
YML005W, 11,16
YNR046W, 11
YDR021W, 11,16
YLR248W, 01,02,10,14
YGR238C, 34,41,43
YHR158C, 34,40,41,43
YAL038W, 01,02
YAL026C, 01,11,16,20
YPR129W, 16,20
YBR103W, 10,11,14,32
YCR033W, 10,14
YHR086W, 10,11,16
YML049C, 11,14,16,20
YKL016C, 02,14,16,20,34
YBR031W, 12
YJL109C, 11,16
YKL049C, 10,16
YGR119C, 14,16,20,42
YNL189W, 14,20,42
YJL168C, 01,11,14,42
YPR159W, 01,02,40,42
YCL059C, 11,12
YLR129W, 10,11,16
YHR185C, 40,42,43
YOL086W-A, 10
YEL034W, 01,12,16
YIL148W, 12,14
YBR249C, 01
YBR248C, 01
YLL004W, 10,11,34
YPR162C, 10,11,34
YBL002W, 10,11,16
YKR025W, 11,16
YIL130W, 11
YFL007W, 14,18,32
YDR348C, 14
YIR037W, 32
YER112W, 11
YER124C, 40,42,43
YER151C, 11,14
YLR208W, 14,20
YGL180W, 01,14,20,30,32,43
YOR056C, 14,16,32
YBR233W, 11
YBR261C, 01
YCL028W, 11
YNL288W, 11
YFL036W, 10,11,16,42
YOR017W, 11,12
YIR038C, 01,32
YDR283C, 01,12,14
YER172C, 11,16
YPL207W, 16
YPL061W, 01,02
YMR138W, 10,16,42
YOL056W, 01,02
YHR058C, 11
YCR008W, 01,10,14,32,34
YOR224C, 11,16
YDR481C, 01,14
YNL006W, 16,20,30
YPL049C, 16,34,43
YJL129C, 20,34
YML016C, 01,14,30,32,34
YCR002C, 01,10,16,34,40,41,42,43
YNL233W, 10,14,16,40,42,43
YBR159W, 01
YIL005W, 14
YDL028C, 01,10,14,30,42
YPL233W, 10
YGR060W, 01
YGR195W, 01,11,42
YPR105C, 20
YHR060W, 02,14,16,32,34
YLR447C, 14,20,34
YOR221C, 01,02
YLL023C, 20
YPR028W, 16,20,42
YDR012W, 12
YMR194W, 12,16
YLR216C, 11,14,16,32
YDR448W, 10,11,14,18,42
YOR257W, 10,42
YDL019C, 01
YGL112C, 10,11,14,42
YNL055C, 02,20,42
YBR142W, 11,12,16
YHL022C, 01,10
YOR346W, 10,16
YAL018C, 01
YCL025C, 20
YER146W, 11
YKR026C, 12
YGR105W, 14
YML012W, 20
YGR240C, 01,02
YBL032W, 10,11,16,20,32,42
YLL031C, 01,14
YAL011W, 10,42
YLR085C, 10,14,20
YCL014W, 10,43
YPR161C, 01,10,11,14,34,40
YDR429C, 12
YGL137W, 20
YDR424C, 10,20,42
YGL153W, 14,16,20
YDR309C, 30,34,40,42,43
YCR073C, 01,14,18,30,32,34
YMR117C, 10,42
YGR181W, 14,20
YJR135W-A, 14,20
YDL190C, 14,16,32
YEL043W, 42
YOR075W, 20,40,43
YER088C, 10,11,40,43
YIL084C, 10,11,14,16,43
YDR059C, 14,16,20,32,34,43
YPL037C, 01,11,12,14,16,32
YIL075C, 11,14,30
YOL117W, 14,34
YGL130W, 11
YPL228W, 01,11
YBR052C, 20
YLL028W, 20,32
YNL085W, 01,10,38
YHR156C, 16
YOL143C, 01
YDR113C, 10,14,16,20
YIL156W, 14
YJL148W, 11,16,42
YOL041C, 16
YMR309C, 12
YGL207W, 10,11
YGR116W, 10,11
YGR040W, 01,14,30,34,43
YML048W, 01,20,42
YNL110C, 10,12
YFR001W, 11,12,16,20
YPL220W, 12
YER177W, 02,10,16,30,40,43
YPR030W, 11,42
YAR018C, 01,10,14,40,42,43
YML111W, 14
YGR274C, 01,10,11,14
YMR236W, 10,11,14,42
YER131W, 12
YDL192W, 14,20
YLR332W, 10,30,34,40,41,42
YMR307W, 01,42
YHL003C, 01,14,40
YJR010C-A, 14
YPL218W, 20
YBR055C, 11
YCR053W, 01,20
YOR261C, 14
YAL028W, 30,32
YAL047C, 10,42
YMR043W, 01,10,11,16,32,34,43
YDR100W, 20
YJL178C, 18,20,30,42
YPR144C, 11,12,16
YNL301C, 12
YOR096W, 12
YBR194W, 11
YGR118W, 12
YDR523C, 01,10,14,43
YOR094W, 14,20
YPL101W, 11
YER036C, 01,16,20
YKL180W, 12
YDR060W, 12,42
YOR206W, 12,20,42
YKL021C, 12,40
YLR449W, 14
YGL076C, 12
YNL178W, 12,32
YJL128C, 01,14,16,18,30,32,34,42
YMR319C, 20,34
YNL125C, 20
YNL130C, 01
YBR247C, 11,14,16,40
YIL069C, 12
YJL095W, 01,10,14,30,32,34,40,43
YKL161C, 01,10,14,32,34,40,43
YER074W, 12
YMR116C, 02,12
YNL225C, 10,42,43
YGL212W, 20,42
YGR130C, 10
YIL074C, 01,16
YBR106W, 01,20
YML075C, 01,16
YLR183C, 11
YDL072C, 16
YDR062W, 01
YJR077C, 20,34
YIL109C, 14,16,20
YNL107W, 10,11
YOR018W, 32
YDL148C, 11,12,16
YDR449C, 11,16
YPR072W, 01,11
YML123C, 20,34
YER144C, 14
YCR012W, 01,02,16
YBR279W, 11
YLR418C, 11
YKL113C, 10,32,40
YOR144C, 10,32,38,42
YDR482C, 11
YPL178W, 10,11
YKL203C, 01,10,12,16,30,40,42
YOR326W, 02,20,42,43
YDR530C, 01
YKR081C, 11,12,16
YOR294W, 11,12
YPL237W, 12
YMR125W, 11,16
YDL160C, 01,11,16
YHR165C, 10,11
YGL030W, 11,12
YBR215W, 10,11
YPR091C, 14
YDR324C, 11,16
YEL055C, 10,11,16
YBR088C, 10,18
YER117W, 12
YBR171W, 14,20
YOR324C, 30,32
YJR048W, 02,20
YKL195W, 14,20
YML098W, 10,11
YLR274W, 10,16
YHR121W, 16
YPR120C, 10,18
YDR393W, 42
YGR012W, 01
YCR020W-B, 10
YHR056C, 11,16
YBL026W, 11
YDR473C, 11,14
YJR032W, 11,14,16,32,40
YNL330C, 01,10,11,14,34,40,43
YKL095W, 11
YPL151C, 11
YPL106C, 14,16,32,34,40
YPR171W, 14,40,42,43
YDR013W, 10,16
YJL072C, 10,16
YJR066W, 01,10,12,16,30
YOL100W, 01,14,30,42
YJL190C, 12
YCR034W, 01,20,34,40,43
YMR149W, 01,14
YKL196C, 14,20
YLR078C, 20
YLR410W, 14,42
YNL113W, 11,16
YDL088C, 10,14,16,20,42
YDR159W, 01,10,11,14,16,20,42
YKR006C, 12,42
YML025C, 12,42
YML124C, 10,41,42
YPL004C, 01,18,32,34
YIL016W, 42
YNL251C, 11,16
YDR116C, 02,12,42
YGR092W, 01,10,11,14
YJL005W, 01,10,30,34,43
YER102W, 12
YHR196W, 11,16
YPL055C, 10,14,40,42
YEL053C, 01,02,14
YHR083W, 14,16,20,42
YKL079W, 02,20,43
YJL006C, 11,14,18
YHR088W, 11,12,16
YLL008W, 11,12,14,16
YGL080W, 02
YMR115W, 14
YJR007W, 12
YLR097C, 14,16
YMR303C, 01,02
YGR083C, 12
YOR112W, 20
YER019C-A, 14,20
YGL147C, 12
YER040W, 01,11,30
YNL237W, 02
YOR047C, 01,11,18,30,32,34
YOR358W, 01,11
YGL066W, 14,42
YKR028W, 01,10,14,30,43
YBR193C, 11,16
YLR071C, 01,02,11,34,43
YLR167W, 12,14
YBL050W, 16,20,42
YPL232W, 20,40,42,43
YDL065C, 14,20,42
YDR194C, 11,42
YML065W, 01,10,11,16,34
YDR225W, 10,11,16
YGL073W, 10,11,32,34
YKL062W, 01,11,16,32
YGR214W, 12,14,43
YJR017C, 01,11,14
YPL117C, 01
YPL058C, 01,16,20
YDR382W, 12
YJL080C, 10,16,20,34
YPR141C, 02,10,14,20,32,34,41,42
YDR427W, 14,16
YBR083W, 11,43
YOR016C, 14,20
YPR152C, 01
YEL026W, 11
YBR195C, 10,14,18,30,34,42
YER164W, 01,10,11,16
YMR229C, 11,16
YDR347W, 12,42
YGL129C, 12,42
YDR501W, 11
YFL009W, 10,14,16,43
YFR010W, 14
YLR246W, 14
YOL027C, 34,42
YKL167C, 12,42
YDL213C, 11,32
YJR144W, 10,16
YLR204W, 11
YCR028C-A, 10,16
YKR016W, 02
YGR072W, 01,12
YBR290W, 14,20,34
YCR093W, 01,10,11,34,43
YGL178W, 01,10,11,14,16,20,32,34,40,42
YBR057C, 10,43
YKR022C, 11
YGL016W, 14,20,32,42
YHR198C, 16
YML064C, 10,16,30
YKL198C, 01,14,20,34
YDR447C, 12
YPR049C, 14,20,42
YDL185W, 10,14,20,34
YKL029C, 01
YDR176W, 01,10,11,14,18,42
YHR041C, 11
YOR328W, 01,16,20
YIL159W, 16,32,40,42,43
YOL069W, 10,42
YDR128W, 14
YMR106C, 10,16,32,42
YDL140C, 11,16
YCL029C, 10,16,34
YPR199C, 11
YDL116W, 14,16,20,42,43
YML103C, 14,16,20,42
YPL260W, 14
YML093W, 11,16
YOR304W, 01,10,11,16
YPL016W, 01,10,11,34
YDR337W, 12,16,42
YMR188C, 02,12,42
YGL123W, 12
YHR005C-A, 14,16,20,32,42
YHL001W, 12,16
YMR242C, 12
YGL115W, 01,11,18,32,42
YPR007C, 10,16,43
YDL207W, 20
YKL068W, 14,16,20,42
YBR162W-A, 14,20
YBL045C, 02
YGR084C, 12,42
YNL213C, 10,42
YDR381W, 16,20
YER063W, 11
YBR154C, 11,16
YHR143W-A, 11,16
YPL129W, 01,10,11,34
YDR466W, 01,14,30,42
YLR196W, 16
YMR142C, 12
YOR204W, 11,12
YJR050W, 11
YMR213W, 10,11
YPR079W, 20,30
YPL146C, 11,12,16
YOR162C, 11,20
YDL100C, 01,16,32,34
YGL020C, 42
YKL182W, 01
YBL079W, 10,14,16,20,42
YFR002W, 14,16,20,42
YEL063C, 20
YER030W, 11
YKL174C, 20
YHR052W, 14,16
YOL062C, 14,20
YOL113W, 01,10,14,40
YDR388W, 16,20,32,40,42,43
YOR117W, 01,14,16
YJR002W, 11
YLR222C, 11,16
YLR029C, 12,16
YHR096C, 20
YNL219C, 01,14,42
YKR048C, 10,14,16,42,43
YOR061W, 01,10,11,14,32,34,40,42,43
YCR028C, 01,20
YHR200W, 14
YLR061W, 12
YLL011W, 11,16
YDR406W, 01,16,20
YLR055C, 10,11,14,18,42
YCL043C, 14,20
YIR001C, 11,16,20
YDL225W, 10,40,42,43
YDL031W, 11,12,16
YLL045C, 12
YPR103W, 10,14,43
YPR057W, 11,14,16
YKL211C, 01
YER149C, 16,30,34,42,43
YER021W, 14
YOR128C, 01
YER175C, 01
YJL002C, 01,14
YML019W, 01,14
YBR078W, 10,42,43
YBL007C, 14,16,20,40,42,43
YDL145C, 20
YGL025C, 10,11
YLR342W, 01,02,42
YOR005C, 10,43
YKL104C, 01,34,42
YPL153C, 01,10,14,30
YIR033W, 01,10,11,32,34
YGL150C, 01,10,11,16
YBR095C, 41,43
YNL097C, 10,11,14
YFL039C, 10,11,14,16,20,32,40,42,43
YGL116W, 10,14,18
YJL111W, 14,16,32,42
YDR384C, 01,20
YNR060W, 20,34
YDR064W, 12
YDR471W, 12
YBR126C, 01,02,32
YDR074W, 01,02,32
YBL039C, 01,42
YMR193W, 12,42
YPR125W, 11,16,20
YDL099W, 10
YDR364C, 10,11,16
YLL036C, 11
YGR224W, 20,32
YLR080W, 20
YDR227W, 10,11,16,32,34,40,42
YDR507C, 01,10,14,42,43
YOR288C, 14
YBR168W, 42
YDR363W-A, 10,14,20,43
YNL047C, 16,42
YER022W, 11
YPR080W, 12
YBR002C, 01,14,42
YBR177C, 01
YDR251W, 32,40,43
YJR059W, 01,10,14,20,34
YFL004W, 01,14,42
YEL046C, 01
YMR032W, 10,16,40,42,43
YBR218C, 01,02
YLR430W, 11,16
YMR081C, 01,02
YPL203W, 01,11,14,16,30,34,43
YDL017W, 01,10,14
YBR081C, 10,11,14,16,41,42
YDL064W, 10,14
YNL014W, 01,12,16
YML109W, 10,40,42,43
YMR273C, 10,16,32,40,42,43
YDR423C, 11,32
YEL051W, 20,34
YPL012W, 11,12
YHR029C, 11
YJL146W, 10,30,43
YIL136W, 20
YKL098W, 43
YDL220C, 10,11,16,32,42
YLR233C, 10,16,32,42
YMR233W, 10
YOL006C, 10,11
YMR168C, 10,16
YPL018W, 10,16
YJL153C, 01,16
YBR143C, 12
YJR070C, 16,18
YEL048C, 20
YKR068C, 20
YNL101W, 20
YNL197C, 16,40,43
YHR127W, 20
YOR014W, 01,12,14,32
YNL026W, 14,20,42
YBR207W, 20,34
YEL013W, 14,16,20,42
YDR328C, 01,10,14,16
YJR090C, 01,10,14,16,20,32,40,43
YBR189W, 12
YJR145C, 11,12
YDR180W, 01,10,14
YDR365C, 11,16
YKL084W, 14,42
YFL017W-A, 11
YGR091W, 11
YBR130C, 11,16,20,34,40,42,43
YJR132W, 01,14,20
YML085C, 10,41,42
YOR149C, 01,10,14,40,42,43
YGL234W, 01,16
YDL136W, 12
YML063W, 12
YNL124W, 16,20
YKR020W, 14,16,20,42
YGL048C, 01,10,14,16
YGR103W, 11,12
YHL007C, 01,14,30,34,40,42,43
YOL091W, 10,16,43
YFL044C, 11,14
YHR129C, 10,20,40,42,43
YGL075C, 10,42
YMR111C, 14
YER050C, 12,42
YML068W, 12
YDR175C, 02,12,42
YDL229W, 01,12,16,32
YNL112W, 01,11
YDL103C, 01,42
YMR131C, 11,12,42
YJL053W, 14,20
YML001W, 20
YOR341W, 11,16
YAL001C, 11
YDL134C, 01,10,12,14,40,42,43
YDL191W, 12
YLR172C, 01,14
YFR015C, 01,02
YPL204W, 01,10,14,40
YDR190C, 01,10,11,16
YGR086C, 01,18,32,34
YJL057C, 16
YDL203C, 01
YGR058W, 16
YCR052W, 10,11
YLR330W, 01,20,34,41,43
YPR081C, 12
YDR405W, 12,42
YDR192C, 14,16,20,42
YKR018C, 14
YPR106W, 01,14
YEL032W, 10,16
YNL273W, 10
YDR407C, 20
YOR115C, 20
YDL153C, 10,11,16
YCL030C, 01
YKL114C, 10
YGL134W, 01,02,18
YJL165C, 01,14,32,34,42
YKL012W, 11,16
YCL024W, 01,10,14,42,43
YKL181W, 01,02,43
YHR066W, 12,16,34,41
YCR057C, 10,11,16,43
YHR120W, 10,16
YLL024C, 14,16,20
YDR040C, 20,34
YGR129W, 10,11
YLR147C, 11,16
YLR433C, 01,11,14,16,18,30,34,40,42
YNL313C, 41,42
YLR275W, 11
YPL036W, 02,20,34
YLR058C, 01
YFR048W, 14
YPR133C, 11
YJL033W, 11,16,42
YLR185W, 12
YBL025W, 11,16
YNL284C, 12,42
YOR201C, 11
YKL129C, 02,20,32,42,43
YLR176C, 10,11,32
YMR093W, 11,16
YOR153W, 16,20,32,34
YOR306C, 20
YMR190C, 10,16,40,42
YKL210W, 14,16,18,32
YOL021C, 01,10,11
YPR190C, 11,16
YDR440W, 10,14,42
YLR429W, 16,40,42,43
YDL236W, 01,14
YGR199W, 01,14
YPL026C, 01,11,14,20
YBR080C, 01,16,20
YER026C, 01
YPL274W, 20
YPL209C, 01,10,14
YFL045C, 01,14,20
YML030W, 02
YOR092W, 01,16,42
YPR188C, 10,16,40,42,43
YGL172W, 11,12,14,16,20,42
YKL057C, 14,16,20,42
YER136W, 18,20
YML046W, 11,16
YER013W, 11,16
YLR008C, 14,16,18,20,32
YBR109C, 10,16,20,34,40,42,43
YJL115W, 11,16,32,40
YFR032C-A, 12
YOR340C, 11,16
YBR049C, 11
YGL244W, 11
YOR123C, 11,14
YJL034W, 01,10,14,16,20,32,41,42
YJR035W, 10
YGR032W, 01,02,42,43
YDR480W, 16,34,40,43
YLR304C, 01,02
YDL092W, 14,16,20
YAL016W, 01,10,11,12,14,40,42,43
YPL256C, 10,18,34,40,42,43
YBR183W, 01
YOL132W, 01,42
YIR009W, 11,14,16
YDR234W, 01
YOL082W, 14,16,20
YAL034W-A, 10
YBR115C, 01
YDR284C, 01,10,30,40
YLR032W, 01,10,16
YMR172W, 11,32
YKR043C, 01,02
YPL020C, 10,14
YML131W, 01
YOL154W, 16
YJL050W, 11,16,20
YMR137C, 10,32
YDR205W, 20,34
YHR137W, 01
YKR093W, 20
YDL087C, 11,16
YJL203W, 11,14,16
YDR101C, 12
YPL038W, 01,11,16
YHR184W, 10,14,43
YBL051C, 10,16,32
YKR062W, 11
YDL223C, 34,40,41
YDR216W, 01,11,42
YER118C, 30,32,34,43
YOR266W, 32,42
YDL029W, 10,16,20,40,42,43
YMR109W, 02,20,32,34,42,43
YBR181C, 12
YJL039C, 20,42
YHL006C, 10
YAL029C, 02,10,20,34,42,43
YGL005C, 20
YBR205W, 01,14,42
YPR107C, 11,16
YHL004W, 12,16,42
YNL005C, 12,42
YDL095W, 01,14
YDL232W, 01,14,16
YDL161W, 14,16,20,42,43
YOR267C, 01,14,34
YGR183C, 01,02
YDR110W, 10,16,40
YDR404C, 11,16,32
YHR089C, 11,16
YCR083W, 20,32
YGR270W, 01,14,16
YDL215C, 01,02
YLL001W, 42
YDL033C, 11
YLR259C, 14,16,20,32
YJL073W, 14,16,32,41,42
YJR152W, 20
YBL097W, 10
YHL002W, 14,16,20
YNL121C, 14,20
YEL012W, 02,14,16
YMR048W, 10
YDL059C, 10,16,32,42
YNL264C, 01,20,32
YJL187C, 01,10,14,18,40,42,43
YNL272C, 18,20
YJL041W, 11,12,14,16,20,42
YLR312W-A, 12,42
YGL181W, 10,11,20,32,34,40,43
YIR006C, 10,14,16,20,42,43
YJL197W, 14
YML041C, 10,14,20
YNR048W, 11,20,32
YDL123W, 20
YHR174W, 01,02
YIL070C, 02
YGL226W, 02
YER089C, 01,10,14,18,30,32,34
YMR272C, 01
YKR063C, 10,42,43
YPL091W, 32
YGR055W, 01,20
YDR331W, 01,14
YDR456W, 20,32,34
YDR172W, 01,10,12
YKL144C, 11,16
YNR003C, 11,16,42
YGL246C, 01,11,18
YER142C, 10,16,32
YDL171C, 01
YHR112C, 01
YKL078W, 11,12
YBR155W, 14,16,32
YJR031C, 18,20
YBR251W, 12,42
YMR114C, 11
YML112W, 01,11,14
YPL089C, 11,16,30,40,42
YDR280W, 01,11
YDR130C, 10,16
YEL003W, 14,16,42
YIL038C, 01,11
YER092W, 10
YML058W, 01,10,18,32,42
YNL291C, 20,34
YMR183C, 20,40,42,43
YHR110W, 14,20
YDR189W, 16,20
YIL126W, 01,10,11,16
YLR438W, 01
YKL188C, 01,16,20
YPL225W, 16
YDL156W, 16
YHL035C, 01,16,20
YLR314C, 10,16,34,40,42,43
YFL038C, 14,20
YPR176C, 01,14
YOR256C, 14,18,20
YHR148W, 11,12,16
YMR128W, 11,12,42
YBR187W, 16
YOL012C, 10,11
YOR035C, 16,20,34,42
YLR438C-A, 11,16
YIL094C, 01,16
YPL140C, 01,10,14,30,32,40,42,43
YDL097C, 14,16
YPL082C, 01,11,16
YOR220W, 16
YFL005W, 10,20,30,43
YGR172C, 20,40,42,43
YOR209C, 01,10
YGR246C, 11
YLR175W, 01,10,11,40,42
YJL026W, 01,10
YKL171W, 01,14
YLR145W, 11
YHL033C, 12
YBR114W, 10,32
YKR001C, 14,20,42
YOR293W, 12
YHR087W, 16
YDR312W, 12,16,34,41
YGR044C, 10,11
YNL002C, 11,12,16
YPL226W, 01,12,16
YNL307C, 01,10,14,18,30,32,34,43
YOR272W, 10,12,42
YPL118W, 12,42
YFR022W, 32
YLR357W, 10,42
YDL219W, 01,11,12
YGL071W, 11,20,34
YMR021C, 11,14,18,32,34
YFR028C, 01,10,14
YIL106W, 10,11,14,18
YDR025W, 12
YML091C, 11,12,42
YBR025C, 14
YBR282W, 12,42
YDR237W, 12,42
YDL045W-A, 12,42
YDR468C, 14,20,42
YPL267W, 10
YOR089C, 14,20
YOR090C, 01,14
YJL076W, 10,11,16,42
YJR051W, 01,02,20,32
YBR102C, 11,14,16,20,40,42,43
YML097C, 14,18,20
YLR421C, 14
YDR174W, 11,16
YLR203C, 11,12
YBR039W, 02,20,34
YGL078C, 11,12,16
YPL084W, 14,20,30,32,34
YGR167W, 16,20,40
YMR223W, 14
YNR007C, 14,20
YOR098C, 14,16,20,42
YLR043C, 10,14,20,32,42
YKL038W, 01,11,16,18,20
YBR196C, 01,02
YDL052C, 01
YER110C, 14,20
YLL012W, 01
YJR093C, 11,16
YLR237W, 20
YML132W, 34
YIL083C, 01
YNL289W, 10,18
YDL217C, 14,20
YBL052C, 10,11,14,34
YPL211W, 11,12
YDL244W, 01
YKR054C, 02,10,20
YGL106W, 02,10,20,42,43
YMR304W, 14
YKL101W, 01,10,14,43
YNR006W, 14,16,20
YLR441C, 12,34
YER057C, 32
YJR064W, 14,16,32,42
YHR166C, 10,14,16,42
YLR381W, 10,16,42
YGR185C, 12
YNL247W, 01,12
YDR127W, 01,16
YGR159C, 11,12,16,32
YGL191W, 02,18,20
YGR166W, 01,20
YBR069C, 20
YLR004C, 20
YGR250C, 16
YGL233W, 10,16,20,40,42,43
YNR049C, 20,43
YNL135C, 12,14
YLR310C, 01,10,18,30,34
YIL091C, 11
YDR087C, 11
YPL141C, 01,14
YDL082W, 12
YNL039W, 11
YGL098W, 14,20
YGL145W, 20
YJR082C, 10
YNL084C, 10,14,16,20,34,42,43
YPL001W, 10,14,42
YJL096W, 12,42
YJL123C, 10
YLL042C, 14,20
YHR098C, 20
YCL009C, 01,18
YKL010C, 14,16
YMR033W, 10,11
YDR027C, 20,42
YBL004W, 11,16
YLR315W, 10
YNL075W, 11,16
YNL102W, 10,32
YKL074C, 11,16
YOR159C, 11
YLR084C, 43
YDR264C, 14,20,30,34
YJR040W, 20,34
YGL209W, 01,11
YER044C, 01
YLR069C, 12
YEL015W, 01
YIL131C, 10,11,43
YPR082C, 10,11
YOR372C, 10,11
YBR286W, 14
YGL213C, 01,10,12,14,32
YDR390C, 11,14,18
YGL201C, 10,16
YGL179C, 01,14,30
YDL015C, 01
YPL087W, 01,32,34
YBL090W, 12,42
YOL077C, 12,16
YCR068W, 01,14,42
YFL062W, 20
YBR170C, 14,20
YKL213C, 01,10,14
YLR044C, 01,02
YKL009W, 01,11,12
YIL023C, 16
YBL087C, 12
YDL243C, 01,02
YKR027W, 01
YGL019W, 01,10,11,14,32,34,40,42,43
YLR251W, 01
YGL008C, 02,20,34
YOL020W, 20
YML008C, 01
YEL011W, 01,02
YLR435W, 11
YJL106W, 01,10,14,43
YGL255W, 20,34
YGL062W, 01,02
YDR173C, 01,11,30,43
YNL201C, 01
YOR269W, 10
YLR399C, 10,11,43
YML073C, 12,16
YOR176W, 01,34
YJL098W, 01,10,14,30,43
YKR091W, 01
YDR155C, 14,32
YLR074C, 43
YOR320C, 01,14
YHR050W, 14,20
YLR337C, 16,20,32,40,42,43
YEL017W, 01
YOL139C, 10,12,43
YBL042C, 01,20
YDR257C, 11
YER091C, 01
YMR049C, 11
YDL058W, 14,20
YGR180C, 01,10
YJL061W, 14,16,20,42
YMR153W, 14,16,20,42
YKL166C, 01,11,14,16,30,43
YPR160W, 01,02
YDR080W, 14,18,20,42
YDR122W, 01,14
YJR021C, 10
YBR056W, 01
YBR079C, 10,12
YJR045C, 01,14,16,18,20,32
YDR213W, 01,11
YER094C, 14
YFR019W, 01,14,20,32,42
YDL168W, 01,32
YMR212C, 40
YBR112C, 11,18
YNL167C, 11
YDL053C, 11,14
YER128W, 01
YJL084C, 16
YNL183C, 01,14,20,30
YDR333C, 12
YDR342C, 20
YGR005C, 11
YGL035C, 01,11
YGR048W, 11,14,16,20
YIL144W, 10,42
YDR011W, 16,20,32,34
YHR094C, 20
YDR310C, 10,11
YDL212W, 14,16,20,30,32
YJR119C, 11
YIL019W, 11
YKL018W, 11,14,42
YHR206W, 10,11,30,32,40
YIL147C, 01,14,16,30,32,34
YKR004C, 42
YML007W, 11,32
YPR168W, 11
YDR077W, 32,42
YOR344C, 01,02,11
YAL035W, 12
YBR084W, 01,02,11,16
YLR347C, 14,20
YOR057W, 10,14,16,30
YLL034C, 01,10,12,16,20
YCL056C, 42
YDR142C, 14,16,20,42
YDR033W, 32
YGR038W, 32
YPL152W, 10,18,32
YFR014C, 01,14,30,40
YNL218W, 01,10,16,42
YGR077C, 14,16,20,42
YMR296C, 01
YHR010W, 12
YLR209C, 01
YIL061C, 11,16
YLR247C, 10
YKR007W, 14,34
YKL186C, 16,20
YIL105C, 16,42
YPL059W, 14,20,32,42
YDR246W, 20
YDL155W, 10,18
YIL030C, 11,14,16
YPL171C, 02,16,20
YHR007C, 01,32
YHR190W, 01
YOL004W, 01,10,11,14,34,43
YPR184W, 01,02
YBR046C, 16
YPL090C, 12
YNL229C, 01,11,18,34
YNL268W, 20
YKL214C, 16,20
YCR082W, 10
YKL138C-A, 10,16,18,42
YDR214W, 14,32
YLR328W, 01
YJL184W, 01,14,32,42
YDR043C, 01,11,16,32,34,43
YIL149C, 14,20
YER114C, 16,30,40,42,43
YPL050C, 01,14,42
YPR154W, 42
YBR150C, 11
YOR174W, 11
YHR023W, 02,10,20,32,40,42,43
YCL054W, 11,12
YPL074W, 01,14,16
YOL120C, 12
YOR275C, 14,43
YDL075W, 12
YOR368W, 01,10,32
YPL022W, 10,32
YBR274W, 01,10,14,32
YLR258W, 01,02
YNL001W, 10,12
YOL127W, 12,16
YDL166C, 11,32
YOR132W, 14,20
YMR146C, 12
YPL081W, 12
YGL014W, 01,11,14,16,20,40
YMR238W, 40,42,43
YDL164C, 10
YPR034W, 10,11
YGR085C, 12
YLR367W, 12
YER023W, 01,16
YNL003C, 20
YNL243W, 01,14,16,20,34,40,42,43
YOR284W, 14,40,42,43
YNR011C, 11,16
YGL227W, 01,02,14
YDL008W, 10,14,16
YOR249C, 10,14,16
YPL086C, 10,11,14
YKR037C, 10,42
YGR075C, 11
YML051W, 01,11,18
YOL061W, 01,02
YGL110C, 11
YNL015W, 14,18,42
YOR168W, 12
YOR361C, 10,12,43
YPR041W, 12,18
YBL058W, 02,10,12,14,43
YOL135C, 11
YBR152W, 11,42
YER052C, 01
YLR206W, 14,16,20,40,42,43
YDR301W, 11,16
YKL117W, 14,16,34
YOR262W, 16
YHR179W, 02,16,20
YNL127W, 10,34
YML074C, 14
YFR030W, 01,16
YOL076W, 10,14,42
YGL253W, 01,02
YKL073W, 14,16,20,32
YLR254C, 10
YLR096W, 01,14
YDR247W, 01,10,14
YKL193C, 10,14,18,20
YBL105C, 01,10,14,30,32,40,42,43
YOR273C, 20,32
YDL108W, 01,10,11,14
YOR151C, 11,16
YCR009C, 16,20,32,34,40,42,43
YNL209W, 01,12,16,32
YBR017C, 10,14,20
YPR036W, 20,34
YNL298W, 01,10,14,30,40,42,43
YDR293C, 10,16,32,40,42,43
YOR124C, 14
YPL093W, 12
YOR205C, 02
YPR112C, 11,16
YHR102W, 01,10,40,42
YML023C, 10
YDR263C, 01,10,32
YLR378C, 14,20
YER086W, 01
YPL043W, 11,16
YPR052C, 10,11,40,43
YER122C, 10,11,18,20
YIL095W, 01,10,14,20,42,43
YDR170C, 18,20
YER100W, 14,16,34
YPL192C, 41,42
YHR064C, 12,16,32
YNL292W, 01,10,11
YHR193C, 01,11,12,16,32
YOL128C, 01,14,18,32
YGR245C, 10,12,42
YGR276C, 01,10,11
YFL059W, 01,16,32
YNL334C, 01,32
YHR134W, 14
YCL031C, 11,12,14
YER025W, 12
YDL239C, 14,16,43
YNR013C, 20,34
YPL246C, 40,42,43
YMR246W, 01,14,20
YPR002W, 01
YGL097W, 11,12,20,30,34
YHR074W, 01
YBL074C, 11,14
YDL214C, 01,14,30
YNR010W, 10,11
YGL257C, 01,14
YBR298C, 20
YMR279C, 20,32
YIR024C, 10
YPR045C, 16
YPR055W, 10,16,20,43
YKL145W, 01,10,14,16
YOR362C, 14
YOL078W, 40
YEL022W, 18,20
YDR138W, 10,11,16,20
YKL173W, 11,12,16
YFR009W, 12,16
YHR080C, 10
YBR065C, 11,42
YDL227C, 10,34,41
YKL204W, 12
YOR231W, 01,10,14,30,32,40,43
YLR194C, 11
YOR058C, 10,16
YIL053W, 01,32
YCR106W, 11,34
YEL072W, 11
YDL222C, 42,43
YLR116W, 11,16
YHL024W, 10,16,43
YBR202W, 10,16
YNL054W, 01,14,18
YLR384C, 10,11,14
YHL009C, 11
YGL049C, 12
YIL107C, 01,02
YHR147C, 12,42
YNL037C, 01,02,11,16
YJL179W, 14,16,32,42
YER120W, 01,10,11,14,16,20
YPL154C, 14,32,43
YGL031C, 12,16
YDL132W, 01,10,14,16
YJL047C, 10,14,16,38
YMR215W, 01,42
YJR072C, 02,16
YKR090W, 16,43
YNL067W, 12
YDL030W, 11,16
YMR288W, 11,14,16
YOR312C, 12
YLR218C, 16
YBR182C, 11,16
YER062C, 01,32
YNL044W, 20
YOR116C, 11,16
YGR082W, 14,20
YNL070W, 14,20
YNL138W, 01,16,30,40,42,43
YOR122C, 16,32,40,42,43
YGR019W, 01
YDR362C, 11
YGL144C, 01
YFL010C, 32,40
YGL208W, 01,11,14,30,40,43
YDR091C, 01,12,16,20
YOR063W, 12
YGL068W, 12,42
YLR256W, 02,11
YLR268W, 20
YGR097W, 11,32
YEL047C, 01,02,20
YNL007C, 10,12,16,32
YBR211C, 10
YDR254W, 10,16
YOL145C, 10,11,16
YKL212W, 01,20,30,42
YNL214W, 16,20,42
YPL147W, 01,16,20
YIL108W, 14
YPL138C, 10,11,14,42
YMR061W, 11,16
YDR047W, 01
YIL007C, 14,40,42,43
YJR161C, 43
YDR489W, 10,16
YML069W, 10,11
YGL105W, 11,12,16,20
YHR011W, 02,12,43
YLR200W, 14,16,42
YPL231W, 01,14
YMR308C, 20
YKR103W, 01,16,20,32
YGR078C, 10,14,16,42
YGL133W, 10,11
YOR066W, 10
YMR076C, 10,16
YNL230C, 11
YML118W, 10
YPL095C, 01
YLR325C, 12
YJL183W, 01,14
YLR191W, 14,16,20,42
YLR393W, 14
YER098W, 14
YCR071C, 12,42
YDR322W, 12,42
YDR158W, 01
YDR439W, 10,11
YOL001W, 01,11,18
YPL235W, 01,10,11,16
YOR198C, 10,16,42,43
YDR493W, 02
YIR034C, 01,16
YOR138C, 14,16,18
YDR240C, 11,16
YLR423C, 14,18,40,42,43
YPL112C, 42
YBR158W, 10,16,18
YGR285C, 14,16,32
YGR132C, 10,14,40
YOR247W, 01,32
YLR324W, 42
YNL131W, 14,20
YPR137W, 11,16
YIL153W, 10,18,32
YBR121C, 11,12
YBR041W, 01,20
YER002W, 12
YLR009W, 12
YDR266C, 16
YGR104C, 11
YDL006W, 01,11,14,32,34,40,42,43
YPL180W, 01,32
YDR023W, 12
YDR238C, 20
YGL003C, 10,14,18,40
YLR417W, 01,11,14,18,20
YPL002C, 01,11,14,20
YGR061C, 01
YLR386W, 01,18
YMR015C, 01,32
YGL154C, 01,14
YPL078C, 02,16,20,34
YOR023C, 10,14
YBR036C, 01,18,34
YPR198W, 16,20,32
YJL042W, 42
YPL177C, 11,34
YLR287C-A, 12
YNL286W, 11,16
YLR249W, 12,42
Q0045, 02,20
YLR432W, 01
YPL011C, 10,11
YBR200W, 10,16,34,40,41,42,43
YLR318W, 10,32,42
YMR120C, 01
YLR372W, 01,20,43
YPL273W, 01
YER145C, 20,34
YGL203C, 14
YNL252C, 12,42
YPR001W, 01,02
YML032C, 10,32,34,42
YKR008W, 10,42
YER141W, 01,02,14
YLR409C, 11,16
YIL013C, 01,16,20
YBR151W, 01
YNL126W, 10,42
YLR095C, 10,16
YER126C, 12
YGR271C-A, 11
YLR265C, 10
YPL143W, 12
YOL087C, 14
YLR273C, 01,02,18
YOR393W, 01,02
YCR065W, 10,11
YHR141C, 12
YDL066W, 01,02,16
YML024W, 12
YJR123W, 12
YOR157C, 14
YDR295C, 10,11,14
YNL042W, 32
YPL243W, 14,16,20
YCL057C-A, 02
YHR008C, 32
YDL175C, 20
YPR191W, 02,14
YMR239C, 11,16
YKL127W, 01,02
YER016W, 10,42
YGL061C, 10,42
YIL104C, 01
YHR186C, 16
YLR403W, 10,11,40
YCR088W, 14,16,40,42,43
YNL153C, 10,14,16,42
YHR142W, 01,20,42
YCL033C, 32
YEL054C, 12
YER073W, 01,02,42
YAR035W, 01,20
YCR086W, 10,40,42,43
YDL230W, 01,14,18,30
YPR033C, 12
YOR091W, 16
YHR084W, 11,16,34,41,43
YML013W, 14,20
YFR005C, 11
YDR195W, 11,16
YDR028C, 01,02,11,14,18,40
YBR084C-A, 12
YAR002C-A, 14,20
YDL201W, 11,16
YFR017C, 01
YFL008W, 01,10,16
YLR086W, 01,10,16,42
YIL056W, 20
YDR016C, 10,42
YDR201W, 10,42
YBR201W, 14
YDR411C, 14
YJL054W, 14,20
YGR145W, 11
YBR136W, 01,10,14,32
YGR090W, 11,16
YDL139C, 10
YPR074C, 01,02
YDR450W, 12
YLR192C, 11,12,16
YKL151C, 16
YGL206C, 14,16,20
YER171W, 10,11
YMR201C, 10,32
YMR205C, 01,02
YHR020W, 12
YIL143C, 10,11
YKL027W, 01
YHR090C, 10,18
YMR218C, 20
YHR030C, 01,10,14,30,32,34,40,42,43
YJL066C, 01
YNL192W, 01,10,34,43
YLR197W, 11
YOL115W, 01,10,11,16
YOR351C, 01,10,14
YGR020C, 20,34
YGR174C, 02,14
YPL215W, 14
YBR089C-A, 10,11,40,43
YBR289W, 01,10,11,34
YKR035W-A, 14,20
YOR303W, 01
YDL102W, 10
YPR119W, 10,18,43
YPR056W, 10,11
YOR223W, 43
YGR233C, 01,10,16,18,34,40
YIL050W, 01,18
YDR228C, 11,16
YJR022W, 11
YPL242C, 10,16,32,40,42,43
YJL059W, 20,34
YLR022C, 11
YOR129C, 32,34,42
YKL125W, 11
YOL095C, 10,16
YDR120C, 11
YKL056C, 12
YLR187W, 14
YPL181W, 11,16
YNL258C, 20
YCL040W, 01,02,20
YIL051C, 01,42
YKL142W, 12
YOR191W, 10,34,41
YLR180W, 01
YIR022W, 14
YER087C-B, 14,20
YPR032W, 20,42,43
YBR082C, 14,16,20,32,34,43
YDR121W, 10,11
YBR275C, 10,11,32,42
YLR453C, 16,32,42
YDL067C, 02,14,20
YDR326C, 16
YKR082W, 14,16,20,42,43
YDR207C, 01,10,11,16
YOL039W, 12
YJR139C, 01
YDR188W, 14,16,32,42
YKR036C, 11,16
YPL042C, 01,10,11,14
YFL041W, 01,20,34
YFR037C, 10,11
YNL027W, 11,30,32,34
YMR300C, 01
YOR039W, 01,10,11,14,32,34,43
YLR370C, 20,42
YNR035C, 16,20,40
YJR067C, 16
YHR205W, 01,10,14,32,34,40
YDR054C, 01,10,14,16
YNL103W, 01,11,18
YDR105C, 16
YBL067C, 14
YJR121W, 02,20,34,40
YGR063C, 10,11
YGL070C, 11,16
YBR230C, 20
YFL056C, 01,02
YGR054W, 12
YOR276W, 12
YGR027C, 12
YMR316W, 43
YPR010C, 11,16
YGL086W, 10,20
YPR173C, 01,14,16,20,42
YDR420W, 01,02,42,43
YHR154W, 10,11,38
YDL125C, 01,16
YPL048W, 12
YOR009W, 32
YNL244C, 12
YPL019C, 20,42
YNL216W, 01,10,11,12,16,32,42
YPL124W, 10,42
YCR092C, 10,32
YLR178C, 10,14,16,18,34
YOL055C, 01,11
YGL095C, 14,16,20,32,34,40,42,43
YOR342C, 16
YGR062C, 02,14
YDR394W, 01,14,16
YLR048W, 12,14
YPR108W, 14,16
YPL132W, 01,02,14,16,42
YEL017C-A, 20,34
YNL194C, 43
YLR102C, 10,14,16
YGR120C, 16,20
YMR075W, 11
YPR023C, 10,11,14,42
YBR110W, 01,14
YOR337W, 11,16
YPR024W, 14,16,42
YJL122W, 12
YPR017C, 16,18,20
YHR197W, 11,12
YBR125C, 01,14
YOL081W, 01,18,30
YKL143W, 32
YPL266W, 11
YDR451C, 10,11
YCL011C, 16,20,32,42
YJL051W, 14
YPR115W, 11
YAR002W, 14,20
YML117W, 16
YAL013W, 01,11
YMR263W, 10,11,14,34,40,43
YDR438W, 16
YOR356W, 01,02,42
YDR289C, 10,38
YBR179C, 42
YHR133C, 01,16,18,40,42,43
YAL041W, 10,18,30,34,40,41,42,43
YOR145C, 11,14,16,32
YCR046C, 02,12,42
YNL177C, 02,12,42
YJL173C, 10,16
YMR105C, 01,02
YOL083W, 14
YGR136W, 30
YOR181W, 10,14,16,20,32,40,42,43
YPR165W, 01,16,30,40,42,43
YMR024W, 12,42
YNR041C, 01,16,20
YLR333C, 12
YML057W, 01,11,14,16,18,30,34,40
YHR116W, 02
YJL222W, 14,16,20
YGR218W, 12,14,20
YLR056W, 01
YLR100W, 01
YPR187W, 11,16
YDL106C, 01,11,30,32
YBL033C, 01
YHL021C, 14
YDR006C, 11,30
YGR152C, 30,40,42,43
YOR127W, 18,30,34,40,42,43
YGR258C, 10
YBL093C, 11,32
YJL140W, 11,16,32
YGR209C, 10,14,20,32,42
YHR152W, 10,43
YIL113W, 01,14,18,30,32,42
YER155C, 10,18,30,42,43
YMR285C, 02,11
YJL185C, 42
YOR217W, 10,16
YHR183W, 01,02,16
YAR019C, 01,10,14
YBR156C, 10,14,18
YER115C, 40,42,43
YJL020C, 16,42
YER056C-A, 12
YOR081C, 01
YOR371C, 30
YGL023C, 16,20
YGL055W, 01
YKL088W, 01,16,32,34
YOR064C, 10,14,42
YJR109C, 01
YMR250W, 01,32
YNL227C, 14,20
YFR053C, 01,02
YLR135W, 10
YDL098C, 11
YOL111C, 14
YIL173W, 14,16,20
YHR019C, 12,16
YBR123C, 11,42
YBR169C, 14,32
YDR171W, 14,16,32,42
YOR147W, 42
YNL069C, 12,16
YHR138C, 14,18,42
YOR357C, 14,16
YMR060C, 01,14,16,20,42
YPR133W-A, 14,20
YGR006W, 11,16
YMR070W, 11,16
YJR046W, 10
YML034W, 10
YCR098C, 20
YDR462W, 12,42
YDR235W, 11,16
YDL012C, 16
YFR047C, 01
YDR093W, 20
YML104C, 10,42
YDL182W, 01
YHR161C, 14,16,20,40,42,43
YHR069C, 01,11
YNL232W, 01,11
YPR070W, 11
YHR119W, 10,14,42,43
YDL018C, 20
YHR182W, 01
YNR031C, 01,14,18,30,32,34,42
YOL147C, 42
YKL064W, 20,32,34
YGL151W, 11
YDL083C, 12
YHL015W, 12
YGL142C, 01,14,42
YKL146W, 20
YMR286W, 12,42
YNL161W, 01,10,14,34,40,41,43
YPL032C, 20,40,42,43
YGR028W, 01,14,16,20
YGL090W, 10,16,43
YMR052W, 10,34
YNL206C, 10,38
YPR018W, 10,14
YHR208W, 01,10
YEL009C, 01,11,16
YPL227C, 01,14
YHR139C, 43
YLR045C, 10,16,42
YHR169W, 11,16
YMR029C, 10,34
YPR019W, 10,16
YOL105C, 30,32,34,42
YMR216C, 01,11,14,20,32,34
YML028W, 32
YIL020C, 01
YHR076W, 01,14
YKL160W, 10,11,40
YOL040C, 12,14,20
YDR386W, 10
YIL116W, 01,16
YPL126W, 10,11,16
YOR196C, 01
YMR031C, 10
YKL041W, 14,20
YLL043W, 01,20,32,41
YDR285W, 10
YML015C, 10,11
YCL010C, 14,42
YHL048W, 32
YER048C, 14
YJR052W, 10,16,32
YKL103C, 14
YGL054C, 20,43
YBL022C, 11,14,16,32,34
YKL028W, 11
YDL061C, 12
YKL035W, 01,02,14
YLR362W, 01,14,30,32,34,43
YBL047C, 20
YER154W, 02,14,20
YCR069W, 14
YOL016C, 01,14,30
YIL125W, 01,02,16
YDR026C, 11
YAR014C, 40
YNL333W, 01,16,32
YDL165W, 01,10,11,34
YKL072W, 11
YDL051W, 11,16
YBR061C, 11,12
YPL183C, 12
YPL217C, 11,12,16
YMR064W, 11,12
YNL073W, 12
YNL016W, 01,11,16
YLL050C, 14,16,20,40,42,43
YMR092C, 16,32,40,42,43
YOR069W, 14,20
YOR136W, 01,02,11,16
Q0050, 02,10,11,16,38
YPR140W, 01,42
YKL014C, 11
YER059W, 01,18
YNL246W, 10,14,20
YNL023C, 11
YDL200C, 10,32
YGL121C, 30
YDR217C, 10,11,16,32
YGR279C, 01,41
YFL037W, 10,41,42
YKL013C, 14,16,20,42,43
YPL131W, 12,16
YBL017C, 14,16,20
YML067C, 20
YMR148W, 20
YJL138C, 11,12
YBL092W, 12
YHR065C, 11,16
YGL058W, 10,11,14,16,43
YLR377C, 01,02
YLR457C, 42
YBR234C, 40,42,43
YER161C, 11,16
YLR389C, 14,34
YMR053C, 11,14
YAR003W, 10,11,14,42
YFR021W, 14,16,20,42,43
YFR029W, 11,16,18,34
YAL036C, 16
YAL027W, 10
YEL062W, 01,20
YGL245W, 12
YDR495C, 14,20
YMR232W, 34
YJL077C, 12
YGR198W, 30
YLR380W, 20,42
YDR300C, 01
YBR149W, 01,16
YCL027W, 34,41
YLR117C, 10,11
YBL084C, 10,14,16
YDR335W, 14,16,20,34
YMR072W, 10,16,42
YDR516C, 01,43
YGR232W, 14
YDR303C, 10,11,16
YMR091C, 14,20
YGR142W, 20,34
YBR161W, 01,43
YOR101W, 01,10,30,34,40
YMR264W, 14,16
YLR221C, 12
YLR343W, 01,42
YOR234C, 12
YMR089C, 01,02,14,16,20
YOR347C, 01,02
YHL019C, 16,20
YGL113W, 10
YJL014W, 14,16,32,42
YLL021W, 16,30,34,40,42,43
YCL057W, 14,16
YOR192C, 20
YKL051W, 01,42
YBL076C, 12
YJL110C, 01,11
YKL065C, 20
YPL262W, 01,02,42
YDR453C, 01,32
YKL155C, 12,42
YBL089W, 20
YDR166C, 10,16,20,43
YHR077C, 01,12,16
YMR219W, 10,11
YDL235C, 01,16,30,32,34
YOR301W, 43
YML029W, 11
YMR173W, 01,10,16,32
YLR133W, 01
YIR015W, 11
YNL221C, 11
YJL001W, 14,32,43
YDR505C, 11
YOR011W, 01,16,20
YJL141C, 01,10,14,40
YMR129W, 14,16,20,42
YDR041W, 12,42
YGR261C, 20
YPL015C, 10,11,14
YBL078C, 14,16,20
YHL011C, 01,02,40
YGL059W, 01,14
YAL024C, 10,18
YPR145W, 01
YML126C, 01
YBL024W, 11
YOR119C, 01,10,11,14
YKR083C, 10,40,42,43
YNL323W, 11,30
YHR072W, 01
YER035W, 01,11,16
YIL139C, 10
YBR131W, 14,18,20,32,42
YDL077C, 14,18,42
YHR028C, 14
YDL007W, 01,14,16
YDR036C, 01,20
YJR113C, 12,42
YOL070C, 10
YJL074C, 01,10,16,43
Q0130, 02,14,16,20,34
YDL035C, 30,34,40,43
YIL033C, 01,11,16,18,30,32,34,40,42,43
YIL046W, 01,10,11,14,16
YGL238W, 14,20,42
YOR185C, 20,42
YLR351C, 01
YOR043W, 18,20,32,40,42
YOL130W, 20,32,34
YPL186C, 01
YGR253C, 10,14,32,43
YBR172C, 20,42
YNR052C, 01,11,43
YER038C, 10
YIR002C, 10,11,32
YJR014W, 16
YAR031W, 20,42
YLR344W, 12,16
YDR148C, 01,02
YHR001W-A, 02
YNL149C, 14
YAL031C, 11
YLR025W, 01,14,20,43
YER003C, 01,14,42
YER064C, 11
YCR042C, 10,11
YDR297W, 01
YPL076W, 01,14
YDR146C, 10,11,34
YDR045C, 11,16
YML092C, 14
YBR141C, 01
YDR372C, 14,20
YBR212W, 11,12,16,40,42
YDR479C, 42
YKL116C, 01,14,30
YMR203W, 14,20
YFL013C, 10,42
YNL215W, 10
YBR011C, 01
YGL092W, 11,14,16,20,42
YLL006W, 42
YGL125W, 01,12,16
YLR406C, 12
YOL165C, 01,02
YGR284C, 20
YJR085C, 16
YBR263W, 01
YOR141C, 10
YBR135W, 10,18
YCR024C, 12
YDL047W, 01,10,14,30,42,43
YGR184C, 14,16
YNR036C, 12,42
YMR055C, 10,18,40,42,43
YNL287W, 20
YLR376C, 10
YCL026C-A, 01
YDR385W, 12
YGL002W, 14,20
YER069W, 01
YAL014C, 14,20
YOR106W, 14,20
YDL025C, 01,14,32
YIL085C, 01,14,42
YAL021C, 01,10,11
YNL078W, 10
YKL135C, 14,16,20
YCR105W, 01,02
YLR276C, 11,12,16
YER049W, 16
YOR163W, 01,30,32
YLL048C, 01,16,20
YFR046C, 10,14,43
YGL013C, 11,16,32
YLR026C, 20
YGL256W, 01,02,16
YLR210W, 10,18
YDL070W, 11
YMR037C, 11,16,32
YOR130C, 01,20
YAL022C, 20
YNL049C, 20
YJR151C, 11
YJR104C, 32,34
YIL146C, 42
YKR013W, 11
YGR229C, 01,02,42
YGR004W, 42
YCR091W, 01,14,34
YBR299W, 01,02
YML062C, 10,11,14,16,20
YBL021C, 01,11
YGL161C, 18,20
YHR105W, 20
YKL004W, 01,42
YER020W, 30,34,40,43
YIL009W, 01,14
YML086C, 01,16,32
YBR026C, 01,02
YDR419W, 10
YLR005W, 10,11,12
YML088W, 14,16,32
YDR052C, 01,10,14
YPR138C, 20
YGL029W, 11,12,42
YPL206C, 16
YDR097C, 01,10,16
YLR054C, 42,43
YML094W, 14,16,42
YJL065C, 10
YGR175C, 01,16
YMR202W, 01
YDR233C, 20
YIL027C, 20
YOR167C, 12
YOR177C, 10,16,43
YDL147W, 14
YEL037C, 10,14,18,32,42
YJL081C, 10,11,14,42
YDL101C, 01,10,14,30,32
YKR014C, 14,20
YOR375C, 01,02,16
YDR395W, 11,20
YOL090W, 01,10,16,32
YMR197C, 14,20
YLR099W-A, 20
YFR036W, 10,14,16
YLR127C, 10,14,16
YPL208W, 14
YBR004C, 01,14
YMR009W, 01
YIL018W, 12
YML056C, 01
YNL277W, 01
YGL050W, 11
YKR066C, 20,32,42
YNL212W, 16
YHR123W, 01,20
YLR024C, 14,16
YMR100W, 43
YPL060W, 11,20
YIL034C, 16,20,32,34,40,42,43
YAL046C, 11
YDR098C, 14,20,32
YPL009C, 11
YEL044W, 11
YLR452C, 11,14,16,18,30,34
YDL149W, 14,20,42
YNL242W, 10,14,20,42,43
YJR133W, 01
YBR127C, 20,34
YGR155W, 01
YHR018C, 01
YBR228W, 10
YGR188C, 01,10,14,16
YHL025W, 01,10,11,34
YPL195W, 20
YDR092W, 10,14,16
YMR099C, 14
YMR313C, 01
YPR043W, 12
YCR017C, 20,30,42
YHL014C, 12
YDR472W, 20
YKR067W, 01,20
YJR091C, 01,10,11,16
YFR016C, 16
YAR015W, 01
YPL094C, 14,16,20
YBR216C, 14,32
YNL036W, 20
YNL267W, 01,10,20,30,43
YGL026C, 01,16
YFL048C, 20
YOR316C, 20,34
YFR024C-A, 42
YDR088C, 11,16
YDR373W, 16,18,30
YBL107C, 11
YBL005W, 11,16,32
YFL011W, 20
YAL033W, 10,11
YBL018C, 11
YMR260C, 12
YLR292C, 14,20
YDL074C, 10,14,16,42
YHR149C, 40,42,43
YGR074W, 11,14,16
YOR239W, 16,42
YPL110C, 01
YPR132W, 12
YNL079C, 16,20,34,40,42,43
YBL008W, 10,11,18
YJL176C, 01,10,11,34
YPL249C, 18,20
YBR260C, 18,30,34
YHR107C, 01,10,16,34,40,41,42,43
YDL224C, 16,40
YJR006W, 10
YML009C, 12,42
YML031W, 10,14,20,42
YDL013W, 01,10,16,32,43
YMR192W, 16,20,42
YGL252C, 01,11,30
YCL052C, 14
YML101C, 16
YOR187W, 12
YPL259C, 14,16,20,42
YIL002C, 01,20,30,42
YDR103W, 16,30,34
YBL031W, 10
YBR146W, 12,42
YGR215W, 12,42
YKL061W, 42
YDL160C-A, 10
YKL094W, 01
YCR014C, 10
YGL157W, 01
YGL064C, 11,12,42
YNL118C, 01,02,11,16,18
YOL149W, 01,11,16
YER157W, 20
YPR113W, 01
YNL086W, 40,42,43
YPL127C, 10,11,16
YCR063W, 43
YPL269W, 10
YOR230W, 10,11,18
YBR217W, 14,20,42
YNL312W, 10,16
YOL164W, 01
YBL041W, 14
YHL027W, 10,11,32,34,43
YJL056C, 11,16,34
YGR113W, 10,42
YKL081W, 12
YGR013W, 11,16
YDR168W, 10,14,16,30,32,42
YIR011C, 10,14,20
YJL008C, 14,16,32,42
YMR258C, 14
YNL093W, 14,20
YDL089W, 10
YDR169C, 11
YHR209W, 16
YGR156W, 11,16
YKL059C, 11
YBR188C, 11
YNL293W, 18,20,40,42,43
YML105C, 14,20
YNL087W, 16
YOR086C, 16
YIL142W, 14,16,32,42
YNL172W, 10,14,16
YGL127C, 10,11
YKL179C, 20,42
YPL265W, 20
YGL263W, 20
YJR095W, 01,20
YLR105C, 11
YOR250C, 11,16
YER054C, 01,02,14,18
YOR083W, 10,11,40
YOR335C, 12
YGR150C, 10
YBR093C, 01,32
YGR282C, 01,42
YPR175W, 10
YGL237C, 01,11
YEL056W, 10,11,14
YMR268C, 11,14
YLR019W, 01,14,32
YPR182W, 11
YPR128C, 01,02,20,42
YGL225W, 01,14,20
YFR011C, 02
YNL100W, 02
YIL093C, 12,42
YKR086W, 11,16
YPL063W, 14,20,42
YHR016C, 20,40,42,43
YKL096W-A, 34,42
YLR459W, 14,42
YLR388W, 12
YFR050C, 14
YGR029W, 01,10,34,42
YBR295W, 20,34
YLR335W, 14,16,20,42
YKL080W, 14,20,34
YLR057W, 43
YMR289W, 43
YDL173W, 16
YGL039W, 01
YER009W, 14,16,20
YMR058W, 01,20,32,34
YML095C, 10,32
YKR100C, 14
YJR097W, 01,14
YIR026C, 01,10,14,18,30,34,43
YMR071C, 20
YMR098C, 11
YGR268C, 14,40,42,43
YLR212C, 10,42
YEL040W, 42
YJL063C, 12,42
YGL167C, 20,34
YBR257W, 11
YGR030C, 11
YEL060C, 14,32,43
YDR206W, 10,32,42
Q0275, 02,20
YDR231C, 02,14,16,32,42
YGL187C, 02,20
YNL020C, 01,10,14,20,42,43
YNL152W, 16
YOR134W, 14,18,30
YBL037W, 14,20
YOR212W, 30,34,43
YDR465C, 01,14
YIL043C, 02,16,20
YHR005C, 16,30,34
YKR059W, 12
YIL115C, 12,16,20,42
YPR185W, 14,16,20
YGR071C, 11
YIL021W, 11,16
YCL036W, 16
YJL069C, 11,16
YDR532C, 10
YKL006W, 12,16
YMR266W, 43
YFR051C, 16,20
YPL174C, 10,16,20,40,42,43
YHR204W, 01,14,16
YLR028C, 01,02,43
YNR034W, 02,11
YIL047C, 30,34
YOR352W, 11
YDR434W, 14,42
YNL222W, 01,11,14,18,30
YNL032W, 01,14,18,20,30,32,42
YNL056W, 01
YHR001W, 01,16
YNL059C, 14,20
YKL002W, 14,16,20
YKL185W, 11,34,40,41,43
YAL012W, 01
YNL064C, 10,14,18,20,32
YDL209C, 11
YDR163W, 11
YJR063W, 11,16
YLR368W, 42
YAL009W, 10,42,43
YMR269W, 40
YML072C, 20
YER075C, 01,10,14,18,30,34
YBR253W, 01,11,34,43
YMR008C, 01
YER095W, 10,32,34,41,42
YNL025C, 01,10,11,18
YPR069C, 01,42
YGR138C, 20,32
YBL075C, 01,14,16,20,32
YBR162C, 16
YGR134W, 11
YKR095W, 10,14,20
YER127W, 11,16
YNL290W, 01,10,16,18
YGR094W, 12
YHL010C, 20
YGL040C, 01
YNL091W, 32,34
YKR041W, 01
YMR230W, 12
YAL040C, 10,18,32,40,42,43
YDR545W, 10,32,42
YJL217W, 11
YKL152C, 01,02
YNR054C, 11,12,16
YNL180C, 30,40
YNL088W, 10,16
YJL189W, 12
YAL030W, 20
YPR131C, 14
YGR009C, 20,43
YGR008C, 02,20,32,42
YEL030W, 14,20,32,42
YKL191W, 01,14
YNL257C, 01,11,18
YER031C, 20
YGR089W, 10
YGR275W, 38
YDR341C, 12
YIR039C, 14
YKL109W, 01,11
YPL145C, 01,20
YIL064W, 12
YFL050C, 20,32,34
YKL190W, 01,11,14,16,18,30,34,40,42
YBR023C, 01,10,32,34,42,43
YLR242C, 01,20
YDR345C, 20
YDL039C, 41
YER047C, 01,14,16
YDR032C, 32
YPL172C, 01,14
YKL089W, 10,16
YLR396C, 14,16,20,42
YML120C, 02,42
YER183C, 01,16
YLR120C, 14
YIL004C, 20
YAL053W, 01
YCR030C, 42
YER067W, 14
YLR052W, 10,42
YPR058W, 20
YDR311W, 10,11
YMR247C, 12
YNL065W, 20,32
YIL134W, 20
YDR229W, 16,20
YJL198W, 20,34
YOL112W, 18,40,42,43
YIL155C, 01,02,42
YAR042W, 01,10
YJL157C, 10,16,18,30,34,40,42,43
YMR199W, 10,18
YJL143W, 14,20
YPL173W, 12,42
YGR165W, 02,12,42
YNL137C, 12,42
YGR099W, 16,32,42
YML011C, 16
YMR127C, 10,11,14,34
YOR164C, 16
YDR496C, 11,41
YGR143W, 01,02,42
YGL067W, 01
YGL060W, 10
YPR178W, 11,14
YGL148W, 01,20
YOR107W, 18,30
YML078W, 14
YNL274C, 01
YEL061C, 10,20
YEL005C, 16
YNL151C, 11,16
YDL078C, 01,02
YBR139W, 14
YFR049W, 12,42
YIL111W, 02,20
YLL029W, 14
YAL043C, 11,16
YLR385C, 10
YGR200C, 11
YPL023C, 01,16
YKL050C, 42
YCL038C, 14,20
YER072W, 40,42
YKR106W, 20,32
YDL122W, 14
YGR179C, 10,16
YIL063C, 14,16,20,42
YGL099W, 12,41,43
YPL139C, 10,11,18
YAL051W, 01,11,16,42
YPR169W, 14
YOR006C, 11
YBR288C, 20
YJL136C, 12
YDL195W, 16,20
YLR153C, 01,02
YOR327C, 14,20
YOL059W, 01,16
YCR044C, 32,34
YMR096W, 01,10,16,32
YPL234C, 14,20,34
YKL006C-A, 20
YFL023W, 43
YFL027C, 18,20
YBR148W, 43
YDR083W, 11
YKR099W, 01,11,16,30
YDR075W, 01,14,40
YOR052C, 11
YNL240C, 01
YDL113C, 14,16,20
YOL108C, 01,11
YNR037C, 12,42
YDL020C, 10,11,14,40,42,43
YOR007C, 16
YFR042W, 42
YPR148C, 16
YJR080C, 02
YMR255W, 20
YNL041C, 20
YGL077C, 20
YCR004C, 11,20
YOL144W, 11,12,14
YDR322C-A, 02,14,16,20
YJL207C, 20
YLR424W, 11,16
YGL243W, 11
YEL027W, 14,20,32,34,42
YCR084C, 11
YLR188W, 01,16,20
YMR157C, 02
YHR168W, 01,12,16
YER104W, 10,38
YDR486C, 10
YLR250W, 14,20
YJR101W, 12,42
YGR037C, 01,16,20
YNL321W, 16
YML130C, 14,20
YLR201C, 01,02
YOR125C, 01
YGL222C, 01,11,16
YDL042C, 10,11,14,16,34,40
YJR057W, 01,10,16
YMR293C, 01,02
YDR353W, 01,16,32
YCR076C, 14
YDL120W, 14,18,32,34
YDR418W, 12
YLR115W, 11,16
YIR025W, 10
YJL058C, 16
YDL022W, 01,16,32,34
YKR076W, 42
YOR355W, 02
YKR034W, 01,11
YOR283W, 01,02
YLR109W, 32,34
YPL119C, 11,12
YHR042W, 01,20,32
YIR017C, 01,11,16
YOL054W, 11
YLR079W, 10,16,18
YMR295C, 14
YMR017W, 20,43
YKR039W, 20
YDL043C, 11,14,16
YDL197C, 10,11
YDR538W, 01,32
YLR228C, 01,11
YNL094W, 40,42,43
YDR086C, 14,20
YDR369C, 10,16,32
YMR054W, 20,34
YOR215C, 16
YDR499W, 10,14,16,32,42
YNR022C, 12,42
YGL240W, 10,14,18
YOR080W, 43
YBL038W, 12,42
YER007C-A, 16
YDR329C, 14,20,42
YGL184C, 01
YLR309C, 14,20,42
YER139C, 11
YGR163W, 01
YBL046W, 10
YDL112W, 11
YKL092C, 18,30,40,42,43
YDR055W, 10,43
YNL279W, 20
YOL025W, 40,42
YIL079C, 20,40,42,43
YKL091C, 10
YJR042W, 11,14,16,20,42,43
YNL021W, 10,11,14,40
YDR106W, 20
YMR294W, 10,20,42
YGL011C, 14
YIR030C, 01,42
YGL009C, 01
YBR273C, 14
YPR102C, 12
YKR010C, 10
YDR223W, 11
YGL124C, 14,20
YKR104W, 01,16,20,32
YNL336W, 16
YMR177W, 34
YMR145C, 02,20,42
YGL012W, 01
YJR034W, 02,14
YDL150W, 11,16
YER106W, 10
YOR207C, 11,16
YDR308C, 11
YOR021C, 16
YNL012W, 01,10,11,43
YGL216W, 10,20,42
YJL212C, 01,20,34
YMR270C, 11,16
YHR153C, 10,43
YKL119C, 14,34
YHL031C, 14,20
YGR278W, 11
YBL103C, 01,11
YIR023W, 01,11
YHR101C, 01,10,42
YMR200W, 10,42
YMR140W, 32
YNL074C, 32
YER010C, 16
YJR140C, 10,11,18
YOR099W, 01,14,42
YBR086C, 32
YGR095C, 01,11
YOL142W, 01,10,11,12
YDL081C, 12
YPR086W, 11
YFL022C, 12
YLR060W, 12
YML035C, 01,02
YBL063W, 10,20,42
YMR016C, 11,30,43
YPL169C, 16,20
YER043C, 01
YLR442C, 10,11,16,34,40,42
YGR295C, 20
YGR248W, 02,11
YML129C, 02,14
YGR046W, 14,20
YER045C, 11
YIL112W, 10,11,14
YDR414C, 14,42
YEL004W, 01,14,20,42
YLR154C, 01,10,16
YPL281C, 01,02
YOR004W, 11
YAR027W, 20
YDL198C, 01,20,34,42
YDL110C, 16
YGR171C, 12
YDR504C, 11
YGR234W, 32
YFL014W, 01,10,32,34
YLR214W, 20,34
YIL140W, 43
YBR070C, 14
YGL047W, 01,14
YHR143W, 01,10,42
YDR277C, 01,20,30
YDR443C, 01,11
YOR020C, 14,16,32,42
YER090W, 01
YKR003W, 01
YGR186W, 11
YPR026W, 01,02,32
YMR315W, 16
YDL202W, 12,42
YER070W, 01,10
YLR110C, 34,41,42
YGL100W, 14,16,20,42,43
YKL216W, 01,20
YPL249C-A, 12,16
YBR163W, 16
YGL051W, 16,20,42
YNL208W, 11
YEL020W-A, 14,16,20,32,42
YOR297C, 14,20
YLR394W, 10,16
YHR146W, 16,30,34
YLR003C, 10
YBR166C, 01
YLR305C, 01,10,14,20,30,42
YNR018W, 02
YCR081W, 01,11
YLL015W, 20,32
YIL150C, 10
YDR252W, 11,12,16,32
YBL085W, 16,30,40,42,43
YKL085W, 01,02,42
YDR265W, 14,16,42
YNL329C, 01,14,16,42
YCR010C, 01,10,20
YNR002C, 01,20
YMR026C, 16,42
YIL066C, 01,10
YLR011W, 01,16
YOR028C, 10,11,32,34
YLR182W, 10,11,16,18,42
YOR195W, 10
YHR051W, 02,20
YDL128W, 20,34
YPL170W, 01
YDR318W, 10,16
YGR135W, 14
YDR152W, 16
YLR313C, 16,30,42,43
YLR319C, 10,16,30,32,42,43
YLR397C, 01,16,32
YOL032W, 11
YBL061C, 01,10,18,32,40,42,43
YDR115W, 02,12,42
YGL220W, 14
YKL069W, 32
YBR213W, 01,16
YOR254C, 14,20
YBL102W, 20
YPR167C, 01
YDR034C, 01,11
YML060W, 10
YMR241W, 10,20
YDR332W, 10
YNL271C, 10,16,20,30,32,34,40,42,43
YOR265W, 10,14,16
YGR204W, 01,02,11,16
YIL137C, 14
YLL040C, 14,20
YBR175W, 10,14,42
YKL048C, 01,10,14,32,40,42,43
YKL026C, 32
YGL006W, 20,34
YBL106C, 20,40,42,43
YDR296W, 10,11
YBR157C, 10
YGL004C, 14
YNL283C, 01,30,32,34,42
YDR208W, 01,30,42,43
YFL034C-A, 12
YJR075W, 01,14,40,42,43
YHR191C, 10
YER123W, 01,10,14
YGR264C, 12
YKR092C, 11,16,20,32
YKL042W, 10,42
YIL128W, 01,10,11
YOL043C, 10
YGL056C, 10
YDR288W, 10,16
YLR007W, 10
YNL145W, 30,34
YLR093C, 14,20
YJR060W, 01,10,11,16,42
YJR136C, 12
YBR107C, 10
YPL010W, 16,20
YPL241C, 10,42
YJL126W, 01
YBR020W, 01,11
YPL248C, 01,11
YNL141W, 01
YEL031W, 20,34
YDR436W, 01,14,30,32,34
YJR134C, 20
YJR160C, 20
YHR013C, 01,10,14
YHR100C, 11
YEL041W, 01
YMR299C, 02,10,20,42
YGL141W, 11,14,16
YDR070C, 01
YHR108W, 20
YPL013C, 12,42
YGL174W, 43
YPL230W, 11
YJL196C, 01
YDR334W, 10,11
YBL011W, 01,20
YKL058W, 11
YJL117W, 20,34
YMR086W, 12
YML106W, 01
YGR227W, 01,14
YGR249W, 11,32,43
YMR162C, 20
YHR117W, 20
YGR196C, 30
YDR469W, 10,14,42
YDR502C, 01
YMR256C, 02,14,20
YLR016C, 11,20
YNR024W, 11
YDR475C, 43
YGL198W, 18,20
YGL210W, 20,42
YJL102W, 12
YLL022C, 10
YCR079W, 01,14
YGR193C, 01,02,16
YKR057W, 12
YDR490C, 01,14,20,30,42
YBR265W, 01
YJR053W, 10,18,41
YER034W, 14
YMR011W, 20
YDR046C, 20
YHR170W, 11,12,16
YHR079C-A, 10
YDL188C, 01,10,12,14,40,42,43
YLR181C, 20
YMR056C, 02,20
YDR460W, 10,11,14
YOR133W, 12
YNL231C, 01,20,32
YFR013W, 10,16
YDR141C, 40
YDR463W, 11
YPR062W, 01
YMR195W, 16
YJR068W, 10,16,18
YPR156C, 20,32
YNL123W, 01,14,40
YOR172W, 11,20,32
YGR148C, 12,16
YBR050C, 01,11,14,40
YOR322C, 01
YGL155W, 01,10,14,30,34,43
YIR032C, 01
YNL239W, 11,14,16,32
YNR032C-A, 14,16,34,40,41
YHR006W, 11
YKL082C, 40,42,43
YOR270C, 01,14,20,34
YOR161C, 20
YFL034C-B, 10,14,18,43
YOL146W, 10,16
YLR106C, 01,11,12,14,16
YOL038W, 14
YLR238W, 10,34
YDR276C, 20
YGL017W, 01,14
YBL035C, 10
YKL045W, 10,32
YDR508C, 20
YER179W, 10,16
YMR224C, 01,10,16,32,42
YPR135W, 10,16,40
YHR068W, 01
YJL091C, 01,14
YCL044C, 14,42
YIL158W, 11
YDL010W, 01
YNR008W, 01
YJR089W, 10,40
YNL163C, 12
YHR150W, 42
YDR017C, 01,11,30,32,42
YBR280C, 14
YMR134W, 34
YDR408C, 01
YGR222W, 11,12,16
YER107C, 14,16,20,42
YER078C, 14
YBL071W-A, 01,10,14
YHR061C, 30,34,40,42,43
YNL111C, 01,20
YGR239C, 14,16,18,20,42
YGR076C, 12,42
YDL143W, 14,16,32,42
YMR159C, 14
YOL017W, 10
YDR378C, 11
YFL049W, 10,11
YPL149W, 14,20,42
YBL034C, 42
YKL206C, 14
YBR087W, 10,16,18
YMR078C, 10
YLR443W, 42
YBR267W, 10,42
YDR001C, 01,02,32
YMR280C, 01,02,11
YKL039W, 02
YOR373W, 10,42
YIL003W, 01,14,16
YNL260C, 16
YER065C, 01,02
YLR189C, 01
YHR207C, 16
YLR215C, 10
YNL116W, 10
YLR320W, 10
YOL044W, 14,20,42
YPL064C, 11
YBL043W, 42
YJL174W, 01,02,34,40,42,43
YJL004C, 20,42
YNL302C, 12
YDL021W, 01,02
YPR101W, 11
YMR039C, 11,18
YNL220W, 01
YDR057W, 20
YER166W, 20
YOR104W, 30
YIL068C, 10,16,20,43
YFL003C, 10,16
YGL104C, 14,20
YJL133W, 11,20
YKR060W, 11,16
YDR002W, 10,14,16,20
YOR232W, 14,16,20,32
YNL024C-A, 11
YBR173C, 14,16,18,32
YLR199C, 14
YML055W, 14,16
YPR095C, 18,20
YJL036W, 14,16,20
YJR069C, 10,32
YAL010C, 42
YHR081W, 10,11,32
YCL039W, 02
YPR194C, 20
YBR038W, 01,10,32,43
YBR108W, 42
YDR267C, 14
YPL111W, 01
YCR005C, 01,02
YDR183W, 11,14,18,34
YLL064C, 01
YER039C, 20
YJL029C, 20
YLR298C, 11,16
YBR244W, 32
YPL099C, 01
YJR010W, 01
YCR011C, 01,16,20
YOR194C, 11
YLR240W, 01,14,20,30
YOL088C, 14
YGL241W, 14,20,42
YGR197C, 20,32
YDR314C, 10
YDR457W, 10,14,16,20,42
YHR026W, 20,34
YLL060C, 01,32
YOR074C, 01,10
YFL017C, 01,10
YNL147W, 01,11,16
YBL101C, 42
YPR204W, 10
YBR254C, 20
YHL039W, 16
YDR452W, 01
YER147C, 10
YGR280C, 11,16
YDR022C, 10,18
YNL082W, 01,10,16
YHR181W, 14,16,20,42
YGL250W, 16
YLR082C, 01
YOR332W, 14,20,34
YHL016C, 20,34
YIL022W, 14,20
YAL025C, 10,12
YPL157W, 11
YFL026W, 18,30,34,40
YKL178C, 18,30,34
YEL018W, 10
YFL024C, 10,11,14,42
YBR231C, 10
YNL294C, 43
YOL123W, 11,16,20
YNL136W, 11,14,42
YML125C, 02
YBR097W, 01,14,20
YDR368W, 01
YOR382W, 20
YOR178C, 01,02,10,11,14,18,32,34
YNL281W, 14,32
YLR067C, 02,11,12
YKL108W, 10
YJR122W, 11
YLL027W, 20,34
YOR113W, 11,16,34
YNL156C, 01,16,18
YKL165C, 01,14,20,43
YLR398C, 01,11,12,32
YPR025C, 10,11,18
YDL084W, 11,16,20
YNR028W, 14
YJR088C, 12
YLR144C, 01,14,40,42,43
YJL083W, 16,18,30,42
YBR058C, 02,14
YBR243C, 01,10,14
YBL055C, 01
YJR148W, 01
YKL168C, 01,14
YDL003W, 10
YIL026C, 10,16,41,43
YBR024W, 12,14,20,34
YOR171C, 01,30
YOL064C, 01,32
YER132C, 43
YLR371W, 01,18,30,34,40,42,43
YCL063W, 18,30,42
YGR217W, 20,34
YLR427W, 10,16,32
YDR073W, 01,10,11,34
YIL121W, 20,32
YPL121C, 10
YBL057C, 12
YDR085C, 30,34,43
YAL023C, 01,14
YLR227C, 16,43
YDR359C, 10
YDR139C, 14,16
YPL133C, 11,34
YOR182C, 12
YPL254W, 10,11,14,18,42
YIL048W, 20
YGR109C, 10,18
YDL194W, 01,16,20,30,34,42
YBR235W, 20,34
YMR267W, 01,02
YNL048W, 01,14,42
YMR214W, 14,16,32
YJR096W, 01
YDR403W, 01,43
YER113C, 43
YIL132C, 10
YER048W-A, 34
YKL192C, 01,20
YPL065W, 14,20
YDR096W, 01,10,11
YPL007C, 11
YNR019W, 01,43
YPL028W, 01
YKR085C, 12,42
YDL159W, 01,14,30,34,43
YGR287C, 01,02
YMR261C, 01,02,32
YML018C, 20
YAL020C, 10,42
YDR421W, 01,11
YNL022C, 01
YHR192W, 20
YGR286C, 01
YKR064W, 11
YGR260W, 20
YGR133W, 14,16,42
YLR223C, 10,11
YDR367W, 01
YOR038C, 10,11,18
YKL025C, 10,11,42
YPL135W, 01,16,34
YER162C, 10,32
YDR039C, 20,34
YNL071W, 01,02
YDR135C, 20,32,34
YDR177W, 14,16,20,43
YER167W, 10
YPL221W, 32
YDR072C, 01,42
YBR030W, 01
YLR244C, 14
YOR380W, 11,34
YLL061W, 20
YPL125W, 14,20
YNL052W, 02,20
YBR098W, 10,11,18
YBL030C, 02,20
YOR065W, 02,20
YER116C, 10,11,16
YGL229C, 01,10,14,30
YLR383W, 10
YJR076C, 01,10,16,34,40,41,42,43
YOR189W, 10
YPR121W, 01
YHR024C, 14
YLL041C, 01,02,16,20
YAL003W, 12
YNL063W, 01
YLR134W, 01,02
YPL201C, 01
YKL112W, 01,10,11,16
YNR067C, 01,10
YPR088C, 14,16,20
YBR208C, 01,16
YDR118W, 10,14,16
YGR014W, 32,34,40,42,43
YAL059W, 12,42
YOL033W, 12
YLR027C, 01
YEL066W, 10,14,42
YGL128C, 11,32
YPL137C, 11
YOR216C, 20
YOL159C-A, 11
YDR279W, 01,10,16
YGR262C, 01,14,43
YPR164W, 10,38
YJL108C, 41
YOR188W, 40,42,43
YBR199W, 01,14
YOR008C, 16,30,32,34,42,43
YNL098C, 01,10,30,32,34,40,43
YLR288C, 01,10,16,32,42
YBL054W, 11
Q0250, 02,20
YNR039C, 20
YCR035C, 01,11
YOR076C, 01
YBR044C, 14,16,32
YOL109W, 30,32,42
YCL067C, 10,11,18,34,41
YFR033C, 02
YPR153W, 32
YDR512C, 43
YGL156W, 01
YPR180W, 14,18
YGR294W, 01
YGR211W, 10,16
YHR111W, 14,18
YPR179C, 10,11,14
YIL138C, 16,20,42,43
YOR360C, 01,30
YOR026W, 10
YDR357C, 16
YDL005C, 11
YCR073W-A, 02,11
YAL042W, 20
YDR461W, 30,34
YLR369W, 10,14,16,32,34
YDL135C, 18,30,40,42,43
YPR189W, 01,12,32
YGR277C, 01
YDR255C, 02
YOR253W, 14
YER129W, 01,02,10,11,14
YPR139C, 14,20
YDR104C, 43
YPL183W-A, 12,42
YOL018C, 14,20,42
YGL189C, 12
YPL196W, 32
YLR131C, 01,10,11
YNL157W, 16
YLR440C, 20
YNL066W, 01,40,42
YBR236C, 01,11
YBR035C, 01
YDL131W, 01
YDL111C, 01,11
YOR033C, 01,10
YER143W, 14,16,20,32
YAL067C, 20
YNL315C, 14,16,32,42
YOR048C, 11,20
YDR376W, 01,20,34
Q0105, 02
YDR239C, 14
YOR386W, 10,16,32
YOR150W, 12,42
YNL008C, 14,16
YKR071C, 01
YHR047C, 01,02,14
YOL003C, 14
YKL205W, 11,16,20
YCR020C-A, 01,14,38
YJR001W, 20
YDL183C, 01
YDR343C, 20
YJR117W, 14,16,34
YOR219C, 14,34
YMR069W, 10,11,14
YOR329C, 14,16,20,42
YIL087C, 02
YBR262C, 02
YDL115C, 10
YML006C, 30
YJR131W, 01,14
YLR083C, 20
YIL103W, 01,14,32
YHR189W, 12
YMR292W, 14,20
YCL001W, 14,20,42
YAL007C, 14,20
YIL119C, 01,30,34
YNL045W, 01,14
YKL140W, 01
YOR202W, 01
YDL002C, 10
YAR050W, 16,34
YDR079C-A, 10,11
YBR068C, 20
YPR008W, 11
YGR123C, 01,14,30
YIL097W, 02
YHR164C, 10,16,40
YCL064C, 01
YGL223C, 20
YML071C, 20
YJL101C, 01,32
YJR065C, 16,20,42
YLR091W, 11
YDR107C, 20
YLR375W, 11,20
YML017W, 11
YLL005C, 43
YDL040C, 01,12,14
YKR031C, 01,10,20,30,43
YIL065C, 42
YGL254W, 01,11,20,32
YHR062C, 11
YNL282W, 11
YKL184W, 01,42
YJL194W, 01,10,16,18,42
YML004C, 01
YOL125W, 14
YBR223C, 01,10
YMR174C, 14,18,32
YLL049W, 01
YNL224C, 11
YJL044C, 18,20
YGL163C, 10,16,32,34,41,42
YGR112W, 02,16,32
YFL053W, 01,32
YJR110W, 01,20,30
YOR251C, 01,32
YDL044C, 11,12,16
YMR065W, 34,41,42
YDR037W, 12
YPL051W, 14,20
YLR262C-A, 16
YDR398W, 11,16
YGR205W, 16
YHR157W, 10
YKL087C, 01,14
YML080W, 11
YLR163C, 14
YJR005W, 14,20
YJR058C, 14,20
YBR272C, 10
YDR260C, 10,42,43
YHR039C-A, 02,20,34
YLR190W, 10
YMR277W, 01,11,14
YPR193C, 10,14,42
YBR278W, 10
YGL205W, 01,02
YDR379W, 18,30,34,42,43
YPR134W, 11
YOR260W, 12
YJR016C, 01
YDR498C, 14,20
YOR246C, 12
YEL071W, 01,02
YLR186W, 11,12,16
YJR019C, 01,02
YDR422C, 01,14,30
YDR256C, 32
YJR084W, 34
YJL046W, 12
YDR258C, 01,14,16,20,32
YJR094W-A, 12
YBR072W, 14,16,32
YBL009W, 01,10,14,32
YCL061C, 10
YEL064C, 20
YJL154C, 14,20,42
YPR040W, 18,30
YBR042C, 01
YLL063C, 01,32
YNL053W, 01,10,12,14,30,34
YDR377W, 02,14,20
YKL003C, 12,42
YLR260W, 01,30,32,34
YJL082W, 16
YMR167W, 01,10,16
YNL090W, 01,30,40,42,43
YJL085W, 10,16,20,43
YLR327C, 14
YKR080W, 01,16
YER178W, 02
YOR280C, 01
YNR075W, 20
YHR167W, 10,11,16,20
YDR354W, 01
YKL215C, 01
YCR107W, 01,02
YLR353W, 40,42,43
YLR017W, 01
YMR110C, 14
YMR275C, 14,16
YCL050C, 01
YPL165C, 16
YNL187W, 20
YNL068C, 10,11,43
YOR197W, 40,42,43
YOR120W, 01,32,34
YDR221W, 01
YHR025W, 01
YBL015W, 01,43
YBL066C, 11,43
YMR284W, 10,16,32,42
YMR217W, 01
YDR226W, 01,10
YGL027C, 01,42
YGL111W, 12
YLR229C, 10,16,20,30,34,40,42,43
YOR374W, 01,02,42
YMR276W, 10,16,42
YBR185C, 02,14,42
YJR156C, 01,16
YDR245W, 01,14,42,43
YEL059C-A, 14,20,42
YDR179C, 14,34
YOR323C, 01
YGR036C, 01,14,42
YMR191W, 14
Q0080, 02,20,34
YBL099W, 02,20,34
YNL325C, 01,20,34,40,41
YOL129W, 14,20
YKL209C, 01,16,20,34
YDR162C, 14
YER032W, 11
YGR031W, 01
YER017C, 01,14,16,20
YEL019C, 10
YER174C, 14,20,32
YLL035W, 11,40
YPR163C, 12
YMR083W, 01,02
YKL105C, 16
YCR027C, 20,30
YDR071C, 01,10
YOR243C, 11
YNL263C, 20
YLR382C, 11,12,16
YLR021W, 14
YOR054C, 01,10,18,32,34
YOL034W, 10
YBR077C, 30,34
YHR128W, 01,16
YDL216C, 14,16,34
YMR025W, 14,34
YJL094C, 20,34
YNL265C, 12
YBL049W, 02
YOR193W, 42
YML038C, 20
YKR029C, 10,14
YOL068C, 10,11,14,34
YPL006W, 01,20
YLR033W, 10
YGR057C, 20
YJR043C, 10
YOL156W, 20
YLR404W, 16
YLR088W, 01,14,20
YKR084C, 12
YML110C, 01,02
YNL155W, 14
YGL211W, 40
YJL191W, 12,16
YKR101W, 10,11,16,34
YGL044C, 11,16
YMR259C, 12
YPR093C, 32
YDR325W, 10
YOR084W, 01,40,42,43
YKL034W, 14,20
YOL073C, 43
YDR063W, 16
Q0085, 02,14,16,20,34
YML081C-A, 02,20
YGR173W, 16
YML127W, 10,11
YBL104C, 14
YDL063C, 12
YKR088C, 20
YGR207C, 02
YER101C, 14
YBR167C, 11
YGR147C, 12,14
YJL208C, 01,10
YMR220W, 01,16
YCR089W, 34,40,41
YHR172W, 10,42
YJR147W, 11,32,43
YOL072W, 10,11,16,20,43
YMR095C, 01,32
YOR330C, 10
YOR142W, 01,02,16
YNL117W, 01,02
YOL030W, 01,42
YPL085W, 14,16,20
YGR124W, 01
YDR483W, 01,14,42
YKR079C, 11,16
YHR216W, 01
YGL087C, 10,14,16
YHR044C, 01
YJR073C, 01
YJR013W, 01,14
YDL204W, 20
YML052W, 43
YDR117C, 14,16,20
YPR174C, 10
YOL049W, 01
YCR059C, 01
YOR046C, 11,20
YGR003W, 14,16
YNL326C, 14,42
YPR051W, 14
YMR297W, 14
YIL062C, 14,16,20,42,43
YNL188W, 10,16,34,41,42
YMR112C, 11
YBL056W, 01,14,18,30,34
YKL043W, 11,43
YDR200C, 10,14,20,34
YNR033W, 01
YLR195C, 01,14
YDR004W, 10,16,32,34,42
YDR076W, 10,16,34
YDL091C, 16
YIR018W, 11
YGR208W, 01
YLR226W, 10,11,18
YPL100W, 14,16
YNL164C, 10
YKL011C, 10
YDL079C, 01,14,18,32
YGL171W, 01,11,16
YLL002W, 10,38
YAL063C, 16,34
YNL297C, 14,20
YPL156C, 41
YLR306W, 14,16
YER044C-A, 10,43
YMR133W, 10
YDR184C, 32,34,42,43
YOR137C, 20,34
YER173W, 10,16,18,32
YPL194W, 10,32
YNR064C, 32
YHL020C, 01,11,18
YKL033W, 16
YLR170C, 14,16,20
YLR039C, 11,18,20
YKL148C, 01,02,16,20,42
YOL071W, 43
YDR478W, 11
YGR202C, 01
YER042W, 01,32
YKL163W, 32,42
YOL007C, 01,42
YNR058W, 01
YGL247W, 14,20,42
YOR103C, 01,14
YMR302C, 01,10,11
YLR066W, 14
YER005W, 01,14
YMR088C, 01,16,20,42
YNL162W, 12
YHR162W, 02
YBL014C, 11
YDR299W, 20,40
YJL103C, 11
YJL012C, 42
YPL270W, 01,02,16,20
YIL076W, 14,20
YBR164C, 14,20
YNR009W, 10
YNR050C, 01,16
YMR041C, 14
YMR087W, 01,11
YOR252W, 12
YKR046C, 02,10
YHR118C, 10,11,34
YMR005W, 11
YEL065W, 20,32,34
YOR067C, 01,14
YLR164W, 01,02
YGR110W, 11
YOL097C, 12
YDR009W, 01,11,16
YDR323C, 14,20
YDL001W, 10
YDL129W, 01
YPR029C, 14,16,20
YDR304C, 14
YIL162W, 01
YGR080W, 16,42,43
YKL007W, 16,20,32,34,40,42,43
YER041W, 10
YBR085W, 02,20
YGL053W, 41
YJR153W, 01,43
YIL049W, 43
YLR139C, 02,11,12
YDR218C, 10,40,42,43
YKR077W, 10
YMR298W, 01
YHL023C, 14
YCL016C, 10
YDL004W, 02,20,34
YEL007W, 16
YGR221C, 40,42,43
YMR094W, 10,16
YKL207W, 42
YNL238W, 14,34
YMR023C, 11,12,16
YDR513W, 01,20,32
YDR470C, 20,42
YNL317W, 11,16
YJL003W, 02,14
YPL128C, 10,11,16
YNL083W, 16,20
YML121W, 01,20
YJR062C, 14
YFL018C, 01,02
YKL093W, 02,11,42
YER087W, 12
YPR085C, 11
YFL060C, 01,32
YHR034C, 11,12,14
YJL158C, 32,42,43
YDR517W, 10
YFL001W, 01,11
YJR092W, 16,43
YOR313C, 01,10,43
YDR497C, 20
YNL314W, 01,11
YOL066C, 01,11
YMR182C, 11
YDL130W-A, 02,20
YHR124W, 10,11
YOR311C, 16
YMR028W, 10,12,16,30,40
YIL114C, 20
YGR231C, 10,14,40,42
YPL166W, 14
YJL093C, 20,34
YCR048W, 01,43
YLR168C, 14
YJR025C, 01
YKL189W, 10,11,40,43
YFR031C, 01,10,16
YDR533C, 14,16,32
YDR044W, 01
YOR349W, 10,14,16
YIL036W, 01,10,11
YDR316W, 14
YOR229W, 10,11,18
YDR219C, 14,16
YBL091C-A, 10,40
YDR153C, 16,20
YJL167W, 01
YGL021W, 01,10,14,32
YLR450W, 01,16
YMR108W, 01
YNL309W, 10,11
YLR262C, 20
YGL175C, 10
YGR065C, 20
YFL033C, 01,10,11,14,32
YLR270W, 01
YOR173W, 01
YPL283C, 10,32,42
YJR125C, 14,16,20,42,43
YLR234W, 10,32,42
YLL003W, 10,32,42
YJR137C, 01,16,42
YKL154W, 14,16,20
YPL158C, 16
YDL137W, 14,20,42
YNL138W-A, 11
YAL002W, 14,20
YHR194W, 42
YJL031C, 01,14
YDR363W, 10,11
YNL278W, 11
YLR301W, 14,20
YDR108W, 10,20,43
YNR001C, 01,02,42
YMR176W, 42
YGL096W, 11,34
YDR484W, 10,16,20,42
YLR263W, 10,42
YLR411W, 20,34
YGR223C, 16
YIL072W, 10,16,42
YMR152W, 14
YLR401C, 11
YLR034C, 20,34
YFL031W, 01,11,30,32
YBR186W, 10
YJL104W, 14,16,20,42
YOR370C, 01,14,20,30,40,42,43
YJR044C, 20
YKR030W, 20
YLR257W, 14
YHR132W-A, 11
YJL099W, 01,20,42
YER004W, 02
YNR055C, 20,32
YKR055W, 30,40,42,43
YPL116W, 10,14
YDR446W, 42
YFL047W, 18,30,40
YPL144W, 14
YHR113W, 14
YDL231C, 20
YHR195W, 14,16,20,42
YBR028C, 01,14
YBR258C, 14,42
YLR015W, 10,11,14,42
YGR068C, 43
YGR267C, 01
YBL020W, 10,14,20
YIL071C, 14
YPR054W, 01,14,30,43
YAR033W, 16,20,42
YOR348C, 20
YJL089W, 02,11
YDL127W, 10,18
YDL237W, 16
YMR158W, 12,42
YDR518W, 14
YHR059W, 11
YHR187W, 11
YJL204C, 16,20,43
YBR054W, 32
YKL201C, 14,32
YNL081C, 12
YML026C, 12
YDR211W, 12
YDR125C, 42
YLR439W, 12,42
YNL076W, 01,11,42
YMR119W, 14,16
YPL003W, 14,18
YBR058C-A, 01,18
YMR257C, 12
YHR021C, 12
YBR001C, 01,02,32
YOL161C, 32
YDR416W, 10,11
YMR104C, 01,10,14
YNL202W, 01,02,43
YDR410C, 01,14
YMR154C, 14,43
YDR527W, 11,16
YPL212C, 01,11
YGL166W, 11,32,34
YMR036C, 01,10,14,18,30
YHR073W, 01
YGR251W, 11
YOR354C, 10
YDR081C, 01,02,11
YBR137W, 16
YOR140W, 11,16,30
YIL010W, 11,32
YPL053C, 01,14,42
YGR170W, 01
YNL210W, 10,11
YDR038C, 20,34
YDR236C, 01
YPL096W, 01,14
YLR373C, 14
YPR042C, 01,11,16
YFR040W, 01,10,14,30,43
YNR069C, 14
YPL219W, 01,02,18
YIR005W, 11,14
YDL056W, 10,11,16
YBR129C, 34,41
YHR188C, 02,14
YHR199C, 16
YPR094W, 11,34
YPL159C, 43
YEL001C, 16
YGR244C, 01,02,16
YKL067W, 01,10
YMR226C, 01
YJL210W, 16,20,42
YJL060W, 01
YCL004W, 01,10,42
YDL184C, 12
YKR096W, 01,02
YLR143W, 11
YMR170C, 01,02
YPL163C, 32,34
YBR043C, 20,32
YDR380W, 01,02
YLR065C, 12
YAL068C, 10
YDR485C, 10,14,20
YLR436C, 42
YKR072C, 01,10,11,18,32,34
YDR500C, 12
YOR279C, 10,16,32
YJR105W, 01
YOL159C, 16
YKL124W, 20
YBR252W, 01
YFL025C, 01,14,20,42
YKL220C, 20,34
YDR397C, 11,18
YER061C, 01,02
YDL090C, 01,14,30
YML036W, 14
YNL305C, 02
YJL030W, 10
YJR086W, 30,34
YPR035W, 01
YLL014W, 11
YML061C, 10,32,42
YER015W, 01,14,20
YLR098C, 01,11
YOR175C, 16
YIR004W, 14,16,20,42
YNR030W, 01,14,42
YOL126C, 01,02
YKR042W, 10,32,40,42
YKL149C, 01,11,38,43
YBR281C, 16
YNL119W, 12,14,40,43
YDR084C, 20
YDR191W, 01,10,11,16,34
YOR110W, 01,11
YDR151C, 11,40
YNL139C, 10,11,12,16,20
YPL189W, 20
YKL055C, 01,02
YGR235C, 02
YKR052C, 11,20
YNL275W, 16,20
YLR359W, 01
YHR039C, 02,10
YDR488C, 10,20,40,42,43
YBR264C, 16,20,42
YBR250W, 43
YIL045W, 01,02,18
YLR420W, 01
YKL159C, 11,18,30,34
YLR316C, 11
YLR090W, 14
YML114C, 11
YKL176C, 14,20
YLR121C, 14
YLR128W, 14,18
YKL218C, 01,16
YAL008W, 16
YGR002C, 10,14,16,42
YJL156C, 16,18,34
YOR227W, 01
YCR040W, 11,18,34,41
YPL160W, 12
YHR072W-A, 11,16
YLR355C, 01
YOR002W, 01,14
YOL048C, 20
YGR254W, 01,02
YJR047C, 12
YIL124W, 01,43
YOR165W, 42
YOR179C, 11
YIL008W, 14,16
YCL005W-A, 01,14,16,20,34,42
YKR011C, 43
YBR229C, 01,02,42
YJR033C, 02,34
YOL102C, 01,11
YOL028C, 11
YML115C, 01,10,14,42,43
YDR361C, 14
YLR395C, 02,20
YOR166C, 16
YKL022C, 10,14,16
YKR094C, 12,14
YGL037C, 01,10,40
YBR214W, 01,10,14,20
YDL210W, 01,20
YIR031C, 01,02
YDL133C-A, 12
YJR056C, 16
YIL117C, 41
YML113W, 11,16
YGR121C, 20
YJL112W, 42
YLR193C, 11
YAL015C, 10,32
YJL127C, 10,11,14
YOL110W, 01,10,14,30,34
YGL022W, 01,14
YMR035W, 10,14
YLR387C, 14,42
YOR274W, 11
YJL088W, 01
YML027W, 10,11,16
YPL202C, 11,32,34
YDR137W, 10,18,20,40
YDR243C, 11,16
YER180C-A, 14,18,20,30
YIL101C, 11,32
YOR045W, 14,20
YBR016W, 32
YLR219W, 10
YER170W, 01,40
YLR119W, 14,20
YGL194C, 10,11,14
YLR289W, 12
Q0120, 11,16
YKR058W, 01,02
YMR318C, 01,02
YHR036W, 20,42
YFL029C, 01,10,14
YBL006C, 01,14,42
YGR108W, 10,18
YPL122C, 10,11
YNR012W, 01,16
YMR287C, 01,11
YKL110C, 01,18,32,40
YBL028C, 34
YDR330W, 14
YMR311C, 01,18
YLL038C, 14,16,20,42,43
YPR048W, 01,02
YJL180C, 14,16,32
YJL079C, 34
YDL245C, 20
YJL219W, 20
YLR329W, 10,16
YNL106C, 01,20,30,42
YOL140W, 01
YJR103W, 01
YMR143W, 12
YER083C, 42
YFL021W, 01,11
YGL197W, 43
YPR124W, 20,34
YMR022W, 14,16,32,34
YGR041W, 43
YJR130C, 01
YHR175W, 20,34
YKL164C, 20,32,42
YOL060C, 40,42
YLR264W, 12
YDL189W, 12
YJR102C, 01,11,14,20
YFR038W, 10
YKR097W, 01,02
YDL076C, 10,14
YBR094W, 01
YOR211C, 42
YBR132C, 01,20,32
YLR126C, 11
YNL080C, 43
YDR049W, 14
YLR103C, 10,16
YLR160C, 01,32
YNL169C, 01
YER014W, 01
YBR233W-A, 10,16
YKL020C, 01,10,11,32,34
YJL025W, 11
YOR336W, 01,02,14,40
YLR148W, 14,16,20,42
YKR044W, 16
YER033C, 43
YGR043C, 01,02
YPL069C, 01
YNR043W, 01
YBR133C, 10,14,40,42,43
YBR018C, 01
YOR298C-A, 11,18
YGL028C, 01,10
YER056C, 01,20
YBR073W, 10,16,32,34,41
YLR108C, 16
YML102W, 10,14
YBR101C, 12,16,18
YIL041W, 16
YKR017C, 16
YDR244W, 14,16,20,42
YGL219C, 42
YPR097W, 16
YEL058W, 01
YGR177C, 01
YDL124W, 01,16
YER060W-A, 20
YJR118C, 01
YMR210W, 01
YBR276C, 01,10,14
YPR036W-A, 32
YMR282C, 01,02,12
YOR036W, 14,20
YER099C, 01,02
YDR051C, 14
YLR047C, 34
YEL029C, 43
YOR108W, 01
YGR158C, 01,11,20
YOR367W, 16,42
YDR519W, 14,32
YOL138C, 14
YIL157C, 02
YNL304W, 16,18,30,42,43
YEL024W, 02
YBR192W, 02,20
YMR002W, 11
YLR089C, 01
YHR155W, 40
YBL029C-A, 20
YJR083C, 40,42,43
YOR334W, 11,20
YER081W, 01,16
YOR287C, 11
YER058W, 14
YNL310C, 16
YDR198C, 10
YGL248W, 01,30
YLR363C, 01
YPL155C, 10,20,42
YOR085W, 01,14
YOL063C, 14
YJL068C, 01,32
YPL045W, 14,20,42
YJL192C, 20
YNL311C, 14,16
YNL328C, 14,16,32
YPL187W, 30,34
YNL249C, 01
YDR202C, 34,42
YMR184W, 01
YGL094C, 10,11,12
YLR390W, 42
YOR242C, 43
YOR071C, 20
YGL108C, 14
YLR356W, 10
YOL077W-A, 02,20
YLR006C, 01,16,18,30,32,34
YBR066C, 02,11,16,18,43
YLR392C, 16
YBL064C, 32
YHR046C, 01,30
YOL058W, 01
YAL055W, 14,20
YNL173C, 30,34
YLL033W, 43
YBR037C, 14,16,20,34
YKL175W, 20,34
YMR079W, 20,43
YHL040C, 20,32
YLR137W, 12
YKL090W, 16
YOR285W, 14
YBR091C, 14,20,42
YKL052C, 10,42
YER096W, 01,18,40,42,43
YHR031C, 10,16
YGL186C, 20
YHL013C, 14
YDR531W, 01
YDL167C, 12
YKL170W, 12,42
YFR044C, 16
YER169W, 10,11
YOL002C, 01,16,34
YJL155C, 01,02
YGR271W, 11,12,32
YDL141W, 01,14
YJL149W, 14
YMR208W, 01
YDR494W, 12
YPR149W, 14,20
YGL228W, 16
YPL175W, 01,14,42
YPL105C, 16
YGR257C, 14,20
YDR430C, 01,14
YGR283C, 11
YGR081C, 01,10
YLR336C, 34
YMR068W, 40
YPL066W, 42
YGR049W, 10
YIL120W, 20,32
YBR176W, 01,42
YNL099C, 01,14,18,30,32
YAL034C, 14
YER001W, 01,14
YCL066W, 11,18,34,41
YLR038C, 02,14,20
YER011W, 32,42
YJL145W, 20
YLR266C, 11,16,32
YKR061W, 01,14,42
YOL151W, 01,02,32
YGR292W, 01,02
YOR359W, 14,16,20
YHR199C-A, 10
YPL239W, 10
YEL042W, 01,14
YNL204C, 10,11,43
YML054C, 01,02,42
YNL299W, 10,16
YLR231C, 01
YOR321W, 01,14
YBR005W, 42
YBL036C, 01,16
YKL137W, 01
YGL231C, 16
YLL062C, 01
YDR186C, 16
YJL097W, 20
YOR208W, 01,10,14,18,30,32,34,43
YOR109W, 01,20,30,42
YJR036C, 11,14,16
YDR540C, 01
YNL051W, 20
YGR047C, 11
YGL192W, 10,11,43
YCL034W, 20,42
YBL068W, 01,02
YER024W, 01,20
YJL116C, 40,42
YKL040C, 01,34
YAL048C, 14,20
YHR106W, 01,16,32
YOR037W, 14,20,42
YDR031W, 11
YIL122W, 10,11
YPL193W, 12
YNL142W, 20,43
YER053C, 20
YDR082W, 10,16,42
YJL078C, 34
YGR101W, 14,20,42
YGL045W, 10,14,43
YNR072W, 20
YOL119C, 20
YFR025C, 01
YGL126W, 01
YIL011W, 32
YLR087C, 02
YBR237W, 11,14,16
YML014W, 11,12,32
YLR179C, 10
YHR003C, 01
YDR007W, 01
YBR210W, 43
YOR034C, 20
YHR053C, 16,32
YLR277C, 11,16
YLR207W, 14,16
YBR019C, 01
YCR023C, 20,32
YBR296C, 20,34
YOR070C, 18,20
YOR059C, 01
YJR078W, 01
YLR035C, 10
YCL048W, 10,43
YDR339C, 11
YBR293W, 01,16,20,42
YGR023W, 10,34,42
YPL271W, 02,20,34
YPR111W, 01,10,14
YKR074W, 16
YLR073C, 20
YDL054C, 20
YER176W, 10,11,12,42
YNL259C, 14,20,32,34
YDR078C, 10
YLR300W, 01,02,34,40,42,43
YER027C, 01,11,14,30,34,43
YOL136C, 01,02
YJL159W, 32,42,43
YNL072W, 01,10,16
YDR014W, 32
YHR070W, 01,11,40,42,43
YIL099W, 01,43
YJR143C, 01,14
YJL062W-A, 02
YBR291C, 20,42
YDR005C, 11,14
YDL037C, 01
YOL121C, 12
YAL044C, 01
YNR027W, 01,43
YFL016C, 14,16,32
YDR181C, 10,14,42
YKL221W, 20
YDR298C, 02,16,20,34
YBL088C, 01,10,14,32,42
YHR014W, 10,16
YFR041C, 14
YLL010C, 01,14,32
YCL005W, 01
YGR289C, 20
YGR266W, 16
YMR228W, 10,11,18,42
YIR041W, 11
YOL053W, 02
YPL029W, 01,11,12,16
YNR032W, 01,02,14
YGR088W, 32
YER111C, 10,11
YOR025W, 01,10,11,16
YLR157C, 01,32
YDL170W, 01,11
YOR245C, 01
YMR044W, 10,16
YPL164C, 10
YLR136C, 11
YLR118C, 20
YDL138W, 16,20,30,34,42
YIL078W, 01,12
YCL047C, 11
YIL123W, 10,40,42
YJR008W, 16
YER055C, 01
YPL120W, 14,20
YLR130C, 20,34
YDR503C, 01
YGR203W, 01,14,18,30
YAL062W, 01,02,42
YMR312W, 11
YPR192W, 20
YER074W-A, 20,42
YKR069W, 01
YLR390W-A, 42
YIR003W, 43
YOR213C, 10,11,14
YOL084W, 16
YNL339C, 10,32,42
YHR115C, 10
YGL083W, 16
YBL080C, 02,12,42
YDR458C, 14
YPL258C, 01
YLR295C, 02,20,34
YDR459C, 14
YLR243W, 14,16
YIL073C, 10,43
YNL234W, 16,32
YOR363C, 01,11,16,42
YMR306W, 01,42
YML058W-A, 10,32
YDL048C, 11,20
YMR251W-A, 32
YDR528W, 42
YLL051C, 20,34
YGR225W, 10,14,43
YDR003W, 16
YMR180C, 01,11
Q0140, 12,42
Q0110, 01,10,11
YFL020C, 32
YGL038C, 01,14
YJR127C, 02,11,16,40
YGL033W, 10
YPL104W, 12
YHR004C, 10,42,43
YGL202W, 01
YPR065W, 01,11,16
YCL017C, 01,34
YJL200C, 02
YDR156W, 11,16
YIL017C, 02
YMR135C, 02
YDR529C, 02,14
YDR275W, 14
YLR141W, 11,16
YBR268W, 12,42
YBR120C, 11,12
YMR097C, 12
YCR075C, 20
YDR464W, 11
YAL056W, 30
YLR151C, 01
YOL057W, 32
YGL119W, 01,02,14
YFR008W, 10,34
YDR050C, 01,02
YKL219W, 16
YER159C, 11,18
YFR003C, 01,02,14,18
YMR171C, 16
YPR005C, 11,32,34
YMR136W, 11
YDR492W, 01,11,16,34
YNR044W, 16,34,41
YJL090C, 10
YMR150C, 14
YPL057C, 01,43
YLL032C, 16
YBL019W, 10
YKL099C, 11,16
YNL322C, 01,42
YJR074W, 14,16,20
YBR301W, 42
YNL077W, 14,16,32
YHR122W, 11
YDR315C, 01,30
YGL226C-A, 01,14
YAL049C, 43
YPL167C, 10
YKL138C, 12,42
YOR258W, 14
YHR163W, 02,11
YHR215W, 01
YPR021C, 20
YMR178W, 14
YBR180W, 20,32,43
YPL250C, 42
YHR063C, 01
YNR026C, 14,18,20
YPL052W, 01,16,18
YJL186W, 01,14,42
YLR284C, 01,02
YPR067W, 20,34
YDR487C, 01,02
YPR166C, 12,42
YMR163C, 20
YPL054W, 11
YBR117C, 01,02
YGL131C, 16
YPR098C, 16
YNL104C, 01
YCR020C, 01,11,42
YOR155C, 01
YER109C, 11,34,43
YMR164C, 01,02,11,43
YBR111C, 01
YGL249W, 10
YBR238C, 10
YEL050C, 01,12,42
YCR024C-A, 18,20,34
YGL089C, 30,34
YJR055W, 32
YBR203W, 30
YNL009W, 01,02,16
YCL051W, 01,11,18,32,34,42
YGL215W, 10,18
YDR321W, 01
YPR104C, 11
YMR019W, 11,16
YPR201W, 20
YNL316C, 01
YPL098C, 42
YLL018C-A, 14,20
YKR095W-A, 14
YGL224C, 01
YKL001C, 01
YIL039W, 20
YCR094W, 10,11,43
YBR197C, 01
YKL141W, 01,02,16,20
YGR070W, 01,18,30,40,42,43
YAL060W, 01,02,16
YJL166W, 02
YLR408C, 16
YNR038W, 11,12,14,16
YGL162W, 01,11,20
YNL035C, 14
YJR108W, 42
YPR116W, 12
YCR067C, 20
YPR075C, 10,34
YMR222C, 01
YOR317W, 01,14,20
YCL073C, 20,32
YDR454C, 01
YLR051C, 11
YLR437C, 01
YGL065C, 01,14
YML070W, 01,32
YOR353C, 40
YJL172W, 01,14
YMR243C, 01,20,32,34
YDR524C, 18,20
YER080W, 16
YBR071W, 14
YKR019C, 10,11,16,18,30,42
YOR031W, 16,32,34
YDR358W, 20
YDR204W, 01
YOL158C, 20,32
YDR313C, 01,14,16
YJR142W, 01
YGR194C, 01,16
YOR377W, 01,02
YGL084C, 01,20
YHR176W, 01,14,16
YGL107C, 16
YPL252C, 01,20
YKL037W, 42
YDR506C, 34
YER119C, 20
YML022W, 01
YPR073C, 01,14,18,30
YIL044C, 18,20
YGR024C, 11
YLR081W, 01,20
YDR178W, 01,02,16,20
YML108W, 10
YDR065W, 12
YPL189C-A, 16
YKR098C, 14
YLR174W, 01,02,16
YDL133W, 16
YNR045W, 12
YPL083C, 11
YIL057C, 14
YPL263C, 11
YDR123C, 01,11
YJR106W, 20,42
YMR225C, 12,42
YIR008C, 10
YLR070C, 01,16
YDL049C, 01,02
YKL150W, 01,02,16,20,32
YHR178W, 11,34
YDR352W, 16
YKR049C, 32
YDR525W-A, 16
YNR020C, 20
YOL096C, 01
YMR234W, 01,10,16,42
YNL245C, 11
YIR012W, 12,14
YCR060W, 14,16,32
YFL028C, 01,11,16
YLL009C, 02,14,20,34
YIL098C, 01,14
YMR237W, 01
YDL046W, 20
YKR089C, 01
YDR346C, 14
YLR064W, 16
YGL251C, 10
YBR140C, 18,30,34,43
YDR165W, 11,16
YML077W, 20
YBR029C, 01,30
YDR375C, 01,02,14,16,20,42
YJL214W, 20
YCL018W, 01
YCL055W, 10,11,34,41,42
YPL214C, 01
YMR038C, 14,20,32,34
YFL057C, 01,02
YHR067W, 01,02,40
YDR068W, 14
YNL148C, 14,16
YCR003W, 12,42
YMR074C, 16
YJR100C, 01
YPL188W, 01,32,34
YIL014W, 01,14
YPL092W, 20,32
YGR087C, 01,02
YPL236C, 01,14
YHR057C, 14,32
YIL172C, 01,02
YGR042W, 16
YDR270W, 20,34
YIL160C, 01,02
YEL021W, 01
YDL093W, 01,14
YIL015W, 14,34
YDL205C, 01
YOR040W, 01
YDR400W, 01
YGR288W, 01,11
YDR035W, 01
YPR031W, 11
YGR098C, 10,14
YKR021W, 16
YLR013W, 01,11
YOL137W, 14
YNL241C, 01,02,32
YJL209W, 01,02,11,16
YBR040W, 34,40,41
YMR067C, 14
YIL042C, 01
YGR191W, 20,34
YOR126C, 01,02
YPR200C, 32
YLR239C, 01,14
YLR445W, 42
YHR012W, 14,20,42
YDL176W, 02
YMR063W, 43
YLR014C, 01,11
YKL222C, 11
YBR015C, 01,14,40,42
YOL009C, 42
YOR079C, 20,32,34
YJL144W, 32
YKL019W, 01,14
YDR089W, 42
YDR379C-A, 16
YMR185W, 20
YBR256C, 01
YJL024C, 20
YML042W, 01,20
YKL156W, 12
YLR077W, 02
YDR399W, 01
YFR012W, 20
YJL205C, 20
YER180C, 10,43
YBR021W, 01,20
YPR068C, 10,11,14
YNL159C, 14
YPL113C, 01
YLR451W, 01,11
YJR126C, 14,20,34
YLR154W-C, 11,42
YPL134C, 20
YDL240W, 18,30,42,43
YLR023C, 01,11,16,34
YPR186C, 11
YGR187C, 14
YER007W, 10,14,16
YOL026C, 14,20
YPL184C, 16
YBR222C, 01,16
YDR140W, 14
YOL031C, 14,20
YPR066W, 14,18
YDR253C, 01,11,16
YDR147W, 01
YDL085W, 02,20,42
YBL013W, 01,11,12
YJR049C, 01,34
YOL065C, 01,20,30
YKL157W, 01,12,14
YDL080C, 01,11
YNL133C, 10
YDL154W, 10
YER093C-A, 11
YGL160W, 34
YLR360W, 14,20
YNL256W, 01,40
YLR323C, 11
YGR213C, 32
YOR095C, 01,02
YLR348C, 20
YKR065C, 16,20,42
YGR157W, 01
YOL022C, 16
YNL160W, 32,34
YDR542W, 11
YOR019W, 11
YMR107W, 20
YLR068W, 11
YNL128W, 01,30,43
YIL040W, 20
YOR226C, 01,34
YLR354C, 01,02
YBL040C, 14,16,20
YHR201C, 01
YLR220W, 34
YOR100C, 01,20
YDL179W, 10,18
YGL057C, 11
YGL232W, 11,16
YHL036W, 01,20
YBR085C-A, 16
YJR159W, 01
YKL217W, 20
YDR441C, 01
YOL103W, 20
YML076C, 11,32
YML083C, 01
YIL154C, 01,10,11,18,42
YJR004C, 16,34,41
YOL089C, 11,32,34
YLR286C, 01,10
YLR059C, 01,11
YGL136C, 11,42
YFL058W, 01
YDR069C, 10,14,20,34,42,43
YJL134W, 01,30,32
YDR511W, 01,02
YDL247W, 20
YOL101C, 01,11,16,34
YGL221C, 11
YOR298W, 01,10,43
YCR096C, 34
YBL082C, 01,14
YDR287W, 01,30
YDR242W, 01
YNL134C, 01,02
YGL183C, 10
YHR015W, 11,12,16,20
YMR189W, 01
YJL170C, 34,41
YNL185C, 12,42
YMR305C, 01,41
YDR030C, 10
YNL038W, 01,14
YOR264W, 43
YJL062W, 01,14
YOR383C, 20
YDR350C, 02,14
YML066C, 43
YKL053C-A, 42
YBL069W, 14
YKR038C, 14,43
YHR043C, 01,32
YAL058W, 14,42
YER051W, 10,14
YPL176C, 14,18,20
YOR143C, 01,16
YOL052C, 01,32,40,43
YLR272C, 10
YIL145C, 01
YFR007W, 16
YJR024C, 11
YDR119W-A, 02
YPL046C, 10,11,43
YDR058C, 01
YPL268W, 01,10,30,40,42,43
YGR106C, 14
YKL194C, 12
YCL026C-B, 20
YMR211W, 16
YNL253W, 20
YKL134C, 14,34
YMR204C, 10,42
YGR010W, 01
YNL223W, 14,16,20
YGR230W, 10
YKL015W, 01,11
YDR197W, 12
YER019W, 01,30,32,34
YBR246W, 20
YPL017C, 01
YHL046C, 32
YDR160W, 01,11,16,34
YHR092C, 20
YOR068C, 42
YBR240C, 01,11
YMR014W, 43
YPL040C, 12
YBR153W, 01
YMR013C, 01,14,20,43
YPL179W, 01,12,14,30
YPR118W, 01,02
YER152C, 16
YCR104W, 32
YMR251W, 01
YOL155C, 01,42
YGR144W, 01,10
YPR037C, 01,14
YOR305W, 11
YKL005C, 11
YDL174C, 01,02,42
YBR067C, 01,32,42
YDR132C, 11
YPR061C, 02
YDR079W, 02,14,16,32
YHR049W, 14
YHR103W, 42,43
YGR007W, 01
YDR292C, 14,16,20
YPR020W, 02,16,20
YNR059W, 01,14
YGR100W, 11,18,32
YJL137C, 01,02
YBR006W, 01,32
YGR102C, 12
YOL093W, 11
YJL087C, 11,16,32
YGR263C, 11
YKR078W, 20
YBR259W, 16
YKL197C, 01,14,16,42
YBL091C, 12,14
YFR023W, 10
YJR094C, 10,11,43
YJL037W, 20
YDR349C, 14
YDR389W, 10,14,18,30
YBR014C, 01
YOR295W, 11,16
YMR169C, 01,02,32
YKL120W, 20
YJL131C, 11
YPL030W, 43
YKL046C, 42
YNL158W, 20
YDL248W, 30
YLR149C, 16
YDL069C, 12,16
YLR285W, 01,10
YNL318C, 20
YOR241W, 01
YJL013C, 10
YDL144C, 16
YMR006C, 01
YBR271W, 11
YNL129W, 01
YDL024C, 01,43
YAL054C, 01,02,42
YAR008W, 11
YOR291W, 20
YLR094C, 30
YDL238C, 01
YIL009C-A, 10,32,42
YHR136C, 18,32,34
YBR007C, 10
YHR104W, 01,32
YGR243W, 02
YML116W, 20,32
YLR213C, 43
YLR092W, 01,20,34
YDR273W, 10,42,43
YCL012C, 16
YGR146C, 11
YHL028W, 30,32,34,42
YMR113W, 01
YHR160C, 14,16,20,42
YPL024W, 10,16,18
YHR017W, 16
YMR323W, 01,02
YER153C, 12
YCR026C, 01,34
YMR301C, 01,16,20,34
YHL038C, 11
YBR302C, 43
YGR169C, 01,11
YIL090W, 42
YJL162C, 11
YLR414C, 16
YCL045C, 16
YHR055C, 16,32
YDR272W, 01
YOL052C-A, 32
YFL030W, 01,02
YOR044W, 43
YDR435C, 14
YJR099W, 14
YHR071W, 10,18
YBR074W, 14
YIL088C, 01,20
YGR236C, 20
YKR050W, 20,34
YGR189C, 16
YLR341W, 20,43
YHR171W, 14,20,40,42,43
YCR047C, 43
YGR206W, 14
YDR232W, 01
YFR026C, 01
YEL052W, 01,16
YKR056W, 11
YLR431C, 14,20
YLR363W-A, 16
YBL001C, 01,42
YLR307W, 01,43
YDL234C, 18,20,42
YGR255C, 01
YOR307C, 20
YPR151C, 14
YDR196C, 01
YGL258W, 12
YKL032C, 10,11,16
YNL029C, 01,14,42
YDL146W, 01
YER028C, 11,16,32
YGL139W, 16
YPR127W, 16
YLR299W, 01,10,14,42
YPR158W, 16
YHL032C, 01
YOR391C, 14,16,32
YJL023C, 12
YNL254C, 11
YJL118W, 11
YGR096W, 20
YJL100W, 01,30,42
YKL187C, 43
YER060W, 20
YGL032C, 16,34,41
YPL282C, 20
YOR060C, 10
YAR071W, 01
YML043C, 11
YER150W, 42
YHR144C, 01
YLR205C, 01,16,32,34
YPR100W, 02,12,42
YOR228C, 11
YKL086W, 32
YGR256W, 01,02,16
YCR037C, 20,34
YPL244C, 20
YKL024C, 01,16
YMR274C, 14
YGR296W, 10,32,42
YOL092W, 14
YLR099C, 01
YDL107W, 11,14,20
YJL035C, 11
YMR160W, 14
YDR291W, 10
YBR045C, 10,11,16,43
YAL039C, 01,14
YDL178W, 01,02,16,42
YOL116W, 01,11,32,42,43
YMR101C, 01,14,42
YHR040W, 11,16
YOR148C, 11
YER134C, 14
YHR038W, 12
YPR004C, 02,20,42
YOR049C, 20
YNL331C, 01,02
YBL060W, 14
YIL164C, 01
YKR087C, 14,16
YLR467W, 10,32,42
YOL067C, 01,11,14,18
YBR022W, 01,11
YMR175W, 16,32
YMR161W, 14
YHR075C, 12,14,42
YMR066W, 16
YNL269W, 16
YOL023W, 12,16,42
YJL105W, 01
YBL098W, 01
YLL055W, 20
YLR146C, 01
YOL015W, 16
YOR339C, 14,16
YLR412W, 11
YGL164C, 16,18
YOL122C, 14,20,34
YOL047C, 16
YJR155W, 01,02
YKL096W, 42
YJL045W, 01,02,16,20
YJR158W, 20
YKR053C, 01,32
YDR539W, 16
YFR043C, 14
YDL105W, 10
YDR428C, 11
YHR132C, 42
YPL072W, 14
YML087C, 02
YDR019C, 01
YNR056C, 01,20
YGR247W, 01,10,11
YPL253C, 20,42
YNL327W, 01,10,40
YGL170C, 16,43
YOR032C, 11,43
YJL171C, 16
YBR104W, 20
YBR003W, 01
YDR534C, 20
YLL052C, 20
YGR154C, 11
YPR047W, 12,14
YLR020C, 01,14,42
YGL143C, 12
YDL169C, 11
YBR297W, 01,11
YCR039C, 10,11,18,34,41
YDL045C, 01
YOR190W, 01,43
YIR021W, 10,11,16
YDL036C, 11
YER168C, 11
YOR131C, 16
YJL121C, 01,02
YKL183W, 11
YDR294C, 01,30,32
YMR042W, 01,11,16
YGR212W, 01,14
YMR062C, 01,42
YOR384W, 20,34
YGL018C, 01,02,14,16
YMR020W, 01
YGL168W, 43
YBL111C, 16
YCR019W, 38
YMR073C, 02
YLR297W, 16
YBR145W, 01,02,32
YGR122W, 43
YBR092C, 01,20
YLR361C, 10
YJL201W, 42
YOL157C, 01,02
YKL128C, 02
YOR255W, 42,43
YPL005W, 01
YOR286W, 14
YER163C, 16
YLR107W, 01,11
YOR087W, 20,34
YHR151C, 43
YCR097W, 11,18,34,41
YMR040W, 11
YKL017C, 10
YDR182W, 10,34,40,41,42,43
YOR315W, 11,43
YMR325W, 11
YML107C, 11,20
YPL148C, 01,14,20
YGR216C, 01,14,30,42,43
YDR126W, 11
YMR278W, 01
Q0065, 10,11
YFR039C, 16
YDR261C, 01,34,40,42,43
YPL200W, 10
YJR054W, 43
YDL142C, 01,42
Q0115, 11,16
Q0055, 01,10,11,16,38
YLL025W, 01
YDR374W-A, 10
YLR010C, 10,42
YLL057C, 01,32
YPL130W, 10
YCR036W, 01,02,16
YBR204C, 01
YCR054C, 16
YOR118W, 16
YGR141W, 14,20
YMR281W, 01,14
YML050W, 01
YHL043W, 42
YPL096C-A, 18,30
YOR222W, 20
YNR061C, 43
YOR003W, 14
YCL069W, 01,16,20,42
YBL059C-A, 01
YER190W, 10,32,42
YMR244C-A, 11
YNR004W, 11
YLR037C, 01
YLR114C, 43
Q0070, 10,11
YPL027W, 43
YOR302W, 12
YLR466W, 10,32,42
YDR514C, 11
YDR014W-A, 41
YEL016C, 01,34
YJL038C, 20
YLR461W, 32
YGL236C, 12
Q0160, 10,11
YJR120W, 02,42
YPL103C, 20
YDR185C, 12,14
YHR091C, 12
YOR388C, 01,02
YPR006C, 01,02
YBR255W, 16
YDR317W, 10
YBR227C, 14,16,32
YNL191W, 16
YDR144C, 14
YNR076W, 32
YGL063W, 01,11
YOL011W, 01
YDR402C, 01,32,42,43
YML021C, 10,16
YPL224C, 20,34
YOR030W, 42,43
YDR281C, 12
YPL123C, 01,11,40
YCR032W, 20,32,34
YEL049W, 32
YNL200C, 16
YFL055W, 20
YDR381C-A, 16
YKL208W, 11,14
YGR131W, 20
YJL213W, 11
YIL089W, 20
YJL139C, 01,14,42
YNR074C, 32,40
YEL038W, 01
YGL196W, 20
YDR302W, 01,14
YOR381W, 20,34
YOL124C, 11,16
YIL037C, 41
YIR019C, 01,34,43
Q0060, 01,10,11
YDR437W, 01
YDR522C, 10,43
YKL132C, 01
YCR045C, 14
YOR180C, 01
YML128C, 10
YIR027C, 01
YMR003W, 16
YBR147W, 12
YIL110W, 14
YPL223C, 32
YJL223C, 32
YDR305C, 01
YMR156C, 01,10
YMR194C-B, 20
YIR029W, 01
YJL071W, 01
YOL152W, 20,34
YJL028W, 11
YFL010W-A, 01,20
YIR028W, 20
YIL006W, 20
YBR008C, 20,32,34
YOL008W, 02,14,16
YOL042W, 10,11
YNR057C, 01
YDR536W, 20
YHR002W, 20
YCR018C, 11
